run,turn,valid,vad_user_stopped,stt_final,llm_first_token,llm_done,tts_first_audio,audio_out_first,playback_done,ttfa_ms,transcript_chars
reactive-20260915-142050-4cd253,1,False,1178.6,-1,-1,-1,-1,-1,-1,,0
reactive-20260915-142050-4cd253,2,False,2606.6,2257.8,2754.7,3317.6,4149.4,4150.2,6519.2,2343.6,16
reactive-20260915-142317-70149a,1,True,1259.3,3671.8,3970.6,4541.3,4787.9,4788.6,7176.1,4329.3,16
reactive-20260915-142317-70149a,2,True,2580.5,5892.0,6157.1,7082.0,6554.6,6555.3,8116.6,4774.8,50
reactive-20260915-142400-51eb81,1,True,1262.8,3328.3,3526.4,3948.2,4186.2,4186.8,6943.1,3724.0,16
reactive-20260915-142400-51eb81,2,True,1703.7,3321.3,3458.2,4382.9,4031.7,4032.4,6509.2,3128.7,26
reactive-20260915-142400-51eb81,3,True,-1,-1,-1,-1,-1,-1,1215.8,,0
reactive-20260915-142400-51eb81,4,True,-1,408.5,568.3,1225.9,-1,-1,1477.1,,19
reactive-20260915-142400-51eb81,5,True,1261.2,731.2,904.5,1303.0,1746.0,1746.7,2645.9,1285.5,50
reactive-20260915-142400-51eb81,6,True,-1,-1,-1,-1,-1,-1,1189.6,,0
reactive-20260915-142400-51eb81,7,True,-1,-1,-1,-1,-1,-1,481.1,,0
reactive-20260915-142948-cdd8f9,1,True,1261.9,3290.1,3499.1,4416.6,3916.9,3917.6,5795.5,3455.7,16
reactive-20260915-142948-cdd8f9,2,True,1703.7,3394.6,3534.4,4285.3,3956.2,3956.8,4350.8,3053.1,26
reactive-20260915-142948-cdd8f9,3,True,-1,-1,-1,-1,-1,-1,1130.4,,0
reactive-20260915-142948-cdd8f9,4,True,-1,425.4,547.4,1203.3,1824.8,1825.6,2206.4,,19
reactive-20260915-142948-cdd8f9,5,True,1260.9,720.3,893.6,1707.1,1716.7,1717.4,2561.1,1256.6,50
reactive-20260915-142948-cdd8f9,6,True,-1,-1,-1,-1,-1,-1,1130.9,,0
reactive-20260915-142948-cdd8f9,7,True,-1,-1,-1,-1,-1,-1,480.8,,0
reactive-20260915-142948-cdd8f9,8,True,-1,-1,-1,-1,-1,-1,1306.0,,0
reactive-20260915-142948-cdd8f9,9,True,-1,856.8,-1,-1,55.2,55.8,982.9,,26
reactive-20260915-142948-cdd8f9,10,True,-1,-1,-1,-1,81.5,82.0,321.7,,0
reactive-20260915-142948-cdd8f9,11,True,-1,-1,-1,-1,-1,-1,873.9,,0
reactive-20260915-142948-cdd8f9,12,True,1789.8,2162.7,-1,-1,-1,-1,2438.4,,59
reactive-20260915-142948-cdd8f9,13,True,-1,-1,-1,-1,210.0,210.8,236.8,,0
reactive-20260915-142948-cdd8f9,14,True,-1,-1,-1,-1,-1,-1,1278.1,,0
reactive-20260915-142948-cdd8f9,15,True,-1,-1,-1,-1,-1,-1,1788.3,,0
reactive-20260915-142948-cdd8f9,16,True,-1,-1,-1,-1,-1,-1,1260.1,,0
reactive-20260915-143218-550bb9,1,True,1261.4,3178.8,3335.9,3793.7,3998.8,3999.6,6626.2,3538.2,16
reactive-20260915-143218-550bb9,2,True,1703.7,3282.1,3418.8,4454.8,3843.5,3844.1,5444.4,2940.4,26
reactive-20260915-143218-550bb9,3,True,1682.2,3314.0,3419.1,4076.2,4248.2,4249.0,4901.9,3366.8,19
reactive-20260915-143218-550bb9,4,True,2600.9,5245.5,5352.3,6243.3,5660.1,5660.6,7103.9,3859.7,50
reactive-20260915-143218-550bb9,5,True,1262.3,3157.5,3316.6,3719.5,3595.9,3596.2,5231.7,3133.9,14
reactive-20260915-143218-550bb9,6,True,1840.5,3386.6,3522.8,4021.7,3934.1,3934.7,5811.4,2894.2,28
reactive-20260915-143218-550bb9,7,True,1502.4,3113.9,3250.1,3579.4,3757.6,3758.2,6398.9,3055.8,22
reactive-20260915-143218-550bb9,8,True,1801.6,3339.4,3475.4,4082.8,3792.9,3793.4,5238.7,2791.8,26
reactive-20260915-143218-550bb9,9,True,1301.7,3156.0,3257.3,3987.1,3487.7,3488.3,4245.9,2986.6,13
reactive-20260915-143218-550bb9,10,True,3082.8,5365.1,5509.8,5877.0,6017.2,6018.0,8573.9,3735.1,57
reactive-20260915-143218-550bb9,11,True,3123.4,5213.8,5356.9,5895.9,5897.0,5897.5,8247.4,3574.1,59
reactive-20260915-143218-550bb9,12,True,1782.6,3317.6,3416.2,4049.7,3991.5,3992.3,6468.6,3009.7,31
reactive-20260915-143218-550bb9,13,True,1822.4,3357.7,3456.5,4218.9,3696.7,3697.3,4694.0,2674.9,30
reactive-20260915-143218-550bb9,14,True,3223.1,5153.0,5250.4,6223.0,5829.4,5830.1,7984.0,3406.9,53
reactive-20260915-143218-550bb9,15,True,2721.5,4981.8,5123.0,5749.9,5480.5,5481.1,7036.5,3559.6,35
reactive-20260915-143218-550bb9,16,True,2547.2,5428.9,5559.0,5824.4,5958.9,5959.5,7760.8,4212.3,47
reactive-20260915-153603-38ff56,1,True,1263.4,2986.0,3182.9,3855.3,3578.8,3579.5,5455.6,3116.0,16
reactive-20260915-153603-38ff56,2,True,1702.2,3107.7,3208.2,3988.5,3614.2,3614.8,5327.5,2712.6,26
reactive-20260915-153603-38ff56,3,True,1682.5,3159.2,3260.8,3924.4,4075.5,4076.4,8552.2,3193.9,19
reactive-20260915-153603-38ff56,4,True,2603.2,4842.0,4940.9,5371.6,5486.0,5486.7,7880.5,3683.5,50
reactive-20260915-153603-38ff56,5,True,1261.1,2952.9,3106.3,3664.2,3461.4,3462.0,4784.6,3000.9,14
reactive-20260915-153603-38ff56,6,True,1840.9,3205.9,3305.6,3805.7,3730.2,3730.8,5610.5,2689.9,28
reactive-20260915-153603-38ff56,7,True,1501.2,3087.6,3225.6,3562.0,3666.7,3667.5,5940.5,2966.3,22
reactive-20260915-153603-38ff56,8,True,1801.5,3323.1,3459.3,4242.5,3967.7,3968.3,6292.9,2966.9,26
reactive-20260915-153603-38ff56,9,True,1300.8,2969.3,3073.4,3805.0,3294.8,3295.4,4014.0,2794.6,13
reactive-20260915-153603-38ff56,10,True,3082.6,4874.1,5019.7,5648.2,5510.0,5510.6,7503.4,3228.0,57
reactive-20260915-153603-38ff56,11,True,3122.6,5034.2,5178.3,5680.2,5693.4,5694.2,7963.9,3371.6,59
reactive-20260915-153603-38ff56,12,True,1781.5,3206.2,3307.9,4073.2,3816.7,3817.4,6288.7,2835.9,31
reactive-20260915-153603-38ff56,13,True,1822.3,3312.4,3412.8,4114.9,4038.8,4039.5,6397.9,3017.2,30
reactive-20260915-153603-38ff56,14,True,3222.1,4915.3,5013.2,5736.0,5467.9,5468.5,7311.3,3046.4,53
reactive-20260915-153603-38ff56,15,True,2723.3,4758.3,4897.2,5765.2,5276.7,5277.3,6951.4,3354.0,35
reactive-20260915-153603-38ff56,16,True,2541.1,4897.5,5039.2,5642.8,5474.0,5474.7,7229.9,3733.6,47
reactive-20260915-153603-38ff56,17,True,1261.5,3025.7,3127.2,3583.6,3754.4,3755.1,6026.8,3293.6,16
reactive-20260915-153603-38ff56,18,True,1721.3,3177.3,3313.7,4101.2,3712.7,3713.3,5397.3,2792.0,26
reactive-20260915-153603-38ff56,19,True,1640.7,3122.2,3223.9,3886.9,4024.3,4025.1,8378.8,3184.4,19
reactive-20260915-163005-37a00e,1,True,1261.4,3063.2,3221.1,3644.5,3856.6,3857.2,4694.5,3395.8,16
reactive-20260915-163005-37a00e,2,True,1700.0,3081.5,3217.8,3845.4,3825.4,3826.1,4885.7,2926.0,26
reactive-20260915-163005-37a00e,3,True,1681.0,3050.9,3151.8,3815.0,3972.6,3973.4,4932.0,3092.4,19
reactive-20260915-163005-37a00e,4,True,2599.2,5055.9,5161.4,5633.4,5654.2,5655.0,6633.5,3855.7,50
reactive-20260915-163005-37a00e,5,True,1264.4,3018.7,3174.2,3743.3,3698.3,3698.9,4778.2,3234.5,14
reactive-20260915-163005-37a00e,6,True,1840.0,3227.6,3329.8,4020.7,3748.7,3749.3,5149.3,2709.3,28
reactive-20260915-163005-37a00e,7,True,1503.3,3143.1,3281.9,3611.7,3800.3,3800.9,4610.6,3097.6,22
reactive-20260915-163005-37a00e,8,True,1803.4,3179.9,3316.3,3929.4,3744.6,3745.4,4886.2,2742.0,26
reactive-20260915-163005-37a00e,9,True,1301.5,2999.9,3103.2,3831.3,3329.0,3329.6,4302.1,2828.1,13
reactive-20260915-163005-37a00e,10,True,3083.6,5034.3,5133.4,5823.7,5615.3,5615.9,6866.2,3332.3,57
reactive-20260915-163005-37a00e,11,True,3122.5,5044.3,5145.2,5946.4,5578.0,5578.6,6967.1,3256.2,59
reactive-20260915-163005-37a00e,12,True,1780.7,3211.7,3314.4,3976.1,3788.0,3788.5,4281.7,2807.8,31
reactive-20260915-163005-37a00e,13,True,1820.9,3320.5,3422.2,4228.7,3618.4,3619.0,4873.5,2598.1,30
reactive-20260915-163005-37a00e,14,True,3223.5,5105.9,5206.0,5969.1,5744.9,5745.7,7039.0,3322.1,53
reactive-20260915-163005-37a00e,15,True,2721.1,4879.2,5019.5,5807.9,5535.6,5536.2,6913.4,3615.1,35
reactive-20260915-163005-37a00e,16,True,2549.5,4972.0,5073.3,5609.5,5644.1,5644.8,6644.2,3895.3,47
reactive-20260915-163005-37a00e,17,True,1269.9,3025.8,3163.9,3587.2,3814.1,3814.6,4658.2,3344.8,16
reactive-20260915-163005-37a00e,18,True,1721.9,3148.8,3284.7,4187.8,3755.5,3756.1,5294.0,2834.3,26
reactive-20260915-163005-37a00e,19,True,1642.5,3084.2,3188.2,3846.0,4006.8,4007.6,4997.5,3165.1,19
reactive-20260915-163005-37a00e,20,True,2605.7,5007.6,5113.7,5833.7,5591.1,5591.7,6942.7,3786.0,50
reactive-20260915-163005-37a00e,21,True,1283.2,3017.1,3171.9,3639.9,3510.5,3511.1,4663.1,3027.8,14
reactive-20260915-163005-37a00e,22,True,1840.4,3339.9,3476.1,3976.7,3884.0,3884.6,5022.0,2844.2,28
reactive-20260915-163005-37a00e,23,True,1482.2,3100.4,3236.1,3565.0,3775.1,3775.7,4587.1,3093.5,22
reactive-20260915-163005-37a00e,24,True,1801.8,3240.8,3376.2,4206.8,3937.1,3937.9,5272.0,2936.1,26
reactive-20260915-163005-37a00e,25,True,1302.0,3101.4,3203.7,3933.5,3430.3,3430.9,4391.0,2928.8,13
reactive-20260915-163005-37a00e,26,True,3120.5,5145.6,5245.6,5637.7,5783.4,5784.1,6706.4,3463.7,57
reactive-20260915-163005-37a00e,27,True,3164.5,5159.6,5302.5,5864.4,5718.5,5719.1,6926.5,3354.7,59
reactive-20260915-163005-37a00e,28,True,1819.7,3290.3,3390.6,4220.0,3897.7,3898.3,5317.0,2878.6,31
reactive-20260915-163005-37a00e,29,True,1841.5,3334.0,3435.3,4167.6,3684.2,3684.8,4354.7,2643.2,30
reactive-20260915-163005-37a00e,30,True,3021.4,4966.7,5066.1,6094.2,5636.3,5636.9,7193.8,3415.5,53
reactive-20260915-163005-37a00e,31,True,2741.8,4964.4,5106.2,5709.3,5658.6,5659.4,6771.6,3717.6,34
reactive-20260915-163005-37a00e,32,True,2582.5,4918.8,5019.4,5479.9,5203.2,5203.9,6079.3,3421.3,47
reactive-20260915-163005-37a00e,33,True,1265.2,3049.8,3187.5,3610.8,3828.0,3828.6,4650.1,3363.4,16
reactive-20260915-163005-37a00e,34,True,1701.0,3083.2,3219.5,3847.6,3587.5,3588.3,4909.7,2687.3,26
reactive-20260915-163005-37a00e,35,True,1681.7,3122.9,3222.4,3888.1,4031.3,4032.1,5048.5,3150.4,19
reactive-20260915-163005-37a00e,36,True,2601.4,4901.0,4999.3,5466.0,5542.9,5543.7,6457.0,3742.3,50
reactive-20260915-163005-37a00e,37,True,1261.8,2911.1,3064.1,3466.3,3367.9,3368.5,4496.1,2906.7,14
reactive-20260915-163005-37a00e,38,True,1841.4,3274.9,3411.0,3971.7,3821.5,3822.1,5067.4,2780.8,28
reactive-20260915-163005-37a00e,39,True,1501.5,3120.0,3255.2,3581.6,3750.9,3751.5,4622.6,3050.0,22
reactive-20260915-163005-37a00e,40,True,1803.2,3230.9,3367.2,4065.8,3781.1,3781.9,5186.3,2778.7,26
reactive-20260915-163005-37a00e,41,True,1304.4,3011.2,3110.4,4004.8,3331.3,3331.8,5039.4,2827.4,13
reactive-20260915-163005-37a00e,42,True,3083.0,4958.8,5105.0,5606.3,5666.3,5667.1,6578.0,3384.1,57
reactive-20260915-163005-37a00e,43,True,3123.3,5054.3,5196.6,6089.7,5614.0,5614.6,7086.0,3291.3,59
reactive-20260915-163005-37a00e,44,True,1782.8,3192.1,3291.2,4022.9,3792.7,3793.4,5069.2,2810.6,31
reactive-20260915-163005-37a00e,45,True,1820.4,3303.7,3402.8,4061.9,3857.9,3858.5,5133.8,2838.0,30
reactive-20260915-163005-37a00e,46,True,3225.0,5045.1,5142.6,6073.3,5510.9,5511.5,7161.6,3086.5,53
reactive-20260915-163005-37a00e,47,True,2722.5,4923.2,5061.5,5779.2,5475.3,5475.9,6913.1,3553.4,35
reactive-20260915-163005-37a00e,48,True,2542.1,4917.9,5017.1,5382.5,5182.6,5183.2,6429.8,3441.2,47
reactive-20260915-163005-37a00e,49,True,1261.2,3042.7,3178.6,3634.1,3837.2,3837.9,4744.7,3376.7,16
reactive-20260915-163005-37a00e,50,True,1720.2,3223.0,3359.5,4513.5,3725.0,3725.7,5692.8,2805.5,26
reactive-20260915-163005-37a00e,51,True,1642.3,3055.7,3156.6,3821.5,3989.6,3990.4,4999.4,3148.1,19
reactive-20260915-163005-37a00e,52,True,2597.6,4983.1,5082.4,5515.2,5618.0,5618.7,6509.3,3821.1,50
reactive-20260915-163005-37a00e,53,True,1280.7,3067.4,3221.0,3689.5,3564.0,3564.4,4635.3,3083.7,14
reactive-20260915-163005-37a00e,54,True,1842.1,3265.4,3401.4,3904.5,3821.6,3822.2,4962.2,2780.1,28
reactive-20260915-163005-37a00e,55,True,1483.4,3117.5,3252.0,3821.5,3772.4,3773.1,4838.3,3089.7,22
reactive-20260915-163005-37a00e,56,True,1801.4,3288.5,3387.5,4159.4,3810.9,3811.7,5224.6,2810.2,26
reactive-20260915-163005-37a00e,57,True,1303.4,3067.5,3166.5,3893.6,3392.0,3392.6,4868.4,2889.2,13
reactive-20260915-163005-37a00e,58,True,3131.9,5073.7,5217.8,5613.0,5751.1,5751.9,6659.4,3420.0,57
reactive-20260915-163005-37a00e,59,True,3163.6,5103.0,5245.6,6016.1,5684.3,5685.0,7043.8,3321.4,59
reactive-20260915-163005-37a00e,60,True,1822.0,3282.1,3381.4,4009.2,3837.3,3838.0,5030.2,2816.0,31
reactive-20260915-163005-37a00e,61,True,1842.2,3373.6,3511.8,4205.4,3966.1,3966.8,5362.1,2924.5,30
reactive-20260915-163005-37a00e,62,True,3182.5,5040.9,5139.0,5671.5,5528.6,5529.2,6719.2,3146.8,53
reactive-20260915-163005-37a00e,63,True,2743.1,4891.9,5032.2,5769.0,5590.5,5591.2,6828.6,3648.1,34
reactive-20260915-163005-37a00e,64,True,2593.3,5171.9,5299.2,5694.4,5812.9,5813.6,6744.4,4020.3,47
reactive-20260915-193040-073832,1,True,1261.0,3161.9,3348.0,3775.0,4044.8,4045.8,4877.1,3584.8,16
reactive-20260915-193040-073832,2,False,1702.1,3388.3,3555.1,4422.4,4252.9,4254.4,5914.3,3352.3,26
reactive-20260915-193040-073832,3,True,1681.4,4517.0,4692.5,5360.5,5555.5,5557.0,6528.3,4675.6,19
reactive-20260915-193040-073832,4,True,2602.4,5327.5,5461.7,6276.2,5787.6,5788.7,7258.9,3986.3,50
reactive-20260915-193040-073832,5,True,1263.9,3350.0,3546.3,3917.4,4007.3,4008.8,5141.2,3544.9,14
reactive-20260915-193040-073832,6,True,1841.2,3527.2,3693.0,4196.5,4149.3,4150.5,5211.0,3109.2,28
reactive-20260915-193040-073832,7,True,1502.4,3318.1,3444.4,3776.2,3948.3,3949.3,4771.5,3246.9,22
reactive-20260915-193040-073832,8,True,1799.9,3523.1,3688.7,4463.9,4254.9,4256.3,5482.8,3256.3,26
reactive-20260915-193040-073832,9,True,1302.4,3242.2,3438.6,4144.4,3667.4,3668.4,4749.5,3166.0,13
reactive-20260915-193040-073832,10,True,3082.6,5292.9,5423.3,6057.6,5950.3,5951.4,7159.7,3668.8,57
reactive-20260915-193040-073832,11,True,3122.2,5334.1,5461.2,6367.8,5921.1,5922.2,7448.6,3600.0,59
reactive-20260915-193040-073832,12,True,1781.3,3360.4,3535.7,4135.6,4090.4,4091.6,4190.2,3110.4,31
reactive-20260915-193040-073832,13,True,1823.9,3459.1,3591.4,4298.6,3918.1,3919.2,5240.9,2895.3,30
reactive-20260915-193040-073832,14,True,3221.9,5157.0,5280.5,6145.1,5882.9,5884.1,7337.5,3462.2,53
reactive-20260915-193040-073832,15,True,2723.7,5262.8,5437.5,6195.1,5867.0,5868.1,7429.9,3944.4,35
reactive-20260915-193040-073832,16,True,2542.1,5107.8,5239.3,5734.4,5424.6,5425.6,6384.8,3683.5,47
reactive-20260915-193040-073832,17,True,938.3,3049.9,3216.7,3637.0,3858.2,3859.2,4724.3,3720.9,16
reactive-20260915-193040-073832,18,True,1729.6,3302.6,3466.3,4434.2,3854.9,3855.9,5534.4,2926.3,26
reactive-20260915-193040-073832,19,True,1641.3,3317.9,3455.5,4117.2,4347.7,4349.1,4770.3,3507.8,19
reactive-20260915-193040-073832,20,True,2582.1,5225.0,5364.0,5907.0,5898.9,5900.2,6086.2,4118.1,50
reactive-20260915-193040-073832,21,True,1281.9,3138.5,3326.5,3710.0,3661.1,3662.2,4713.6,3180.3,14
reactive-20260915-193040-073832,22,True,1842.9,3354.4,3520.6,4250.1,3787.3,3788.3,4881.0,2745.5,28
reactive-20260915-193040-073832,23,True,1481.8,3239.0,3405.4,3734.9,3918.2,3919.3,4811.7,3237.5,22
reactive-20260915-193040-073832,24,True,1803.5,3289.2,3454.5,4258.9,4094.0,4095.4,5396.0,3091.8,26
reactive-20260915-193040-073832,25,True,1554.4,3313.6,3451.2,4343.3,3682.8,3683.7,5259.6,2929.4,13
reactive-20260915-193040-073832,26,True,3126.9,5200.3,5331.9,5830.7,5871.9,5873.4,6840.3,3546.6,57
reactive-20260915-193040-073832,27,True,3162.3,5077.7,5248.5,5813.9,5694.2,5695.4,6948.4,3333.1,59
reactive-20260915-193040-073832,28,True,1823.6,3355.4,3487.3,4090.4,4038.7,4039.9,5140.7,3016.3,31
reactive-20260915-193040-073832,29,True,1841.6,3318.8,3448.0,4149.0,3772.9,3774.0,5173.9,2732.4,30
reactive-20260915-193040-073832,30,True,3183.0,5107.5,5231.9,5873.3,5830.2,5831.5,6905.4,3448.5,53
reactive-20260915-193040-073832,31,True,2741.3,4998.7,5168.3,5912.4,5741.5,5742.8,6939.2,3801.5,34
reactive-20260915-193040-073832,32,True,2583.2,5364.9,5582.1,5913.5,6017.6,6018.9,7008.9,4235.7,47
reactive-20260915-193806-a0c23c,1,True,1259.9,3059.7,3218.9,3680.4,3873.5,3874.3,4792.0,3414.3,16
reactive-20260915-193806-a0c23c,2,True,1700.0,3552.4,3689.8,4562.0,4097.7,4098.3,5945.2,3198.3,26
reactive-20260915-193806-a0c23c,3,True,1681.8,4071.1,4173.1,4834.2,4993.1,4993.9,6136.3,4112.1,19
reactive-20260915-193806-a0c23c,4,True,2600.6,4693.4,4796.5,5617.5,5147.8,5148.4,6601.2,3347.7,50
reactive-20260915-193806-a0c23c,5,True,1259.6,3953.0,4110.1,4520.4,4422.4,4423.0,5679.5,3963.4,14
reactive-20260915-193806-a0c23c,6,True,1843.0,3421.3,3557.9,4306.9,3805.9,3806.5,4768.9,2763.4,28
reactive-20260915-193806-a0c23c,7,True,1502.5,3596.6,3733.9,4300.0,4258.4,4259.0,5412.3,3556.5,22
reactive-20260915-193806-a0c23c,8,True,1801.6,3733.4,3838.1,4685.8,4093.4,4094.0,5260.6,3092.4,26
reactive-20260915-193806-a0c23c,9,True,1302.1,3494.6,3597.9,4325.2,3833.2,3833.7,4766.3,3331.7,13
reactive-20260915-193806-a0c23c,10,True,3082.5,6046.1,6192.7,6693.2,6742.2,6743.0,7733.2,4460.5,57
reactive-20260915-193806-a0c23c,11,True,3122.8,5317.0,5460.5,5966.5,5981.5,5982.3,7008.4,3659.4,59
reactive-20260915-193806-a0c23c,12,True,1781.9,3496.1,3596.7,3994.6,4082.9,4083.7,5067.6,3101.8,31
reactive-20260915-193806-a0c23c,13,True,1821.3,3448.8,3585.3,4281.7,3899.5,3900.1,5324.4,2878.8,30
reactive-20260915-193806-a0c23c,14,True,3222.9,5507.2,5604.5,6432.9,6190.6,6191.4,7864.0,3768.4,53
reactive-20260915-193806-a0c23c,15,True,2722.1,5918.4,6059.9,6779.3,6466.5,6467.1,8218.0,4545.0,35
reactive-20260915-193806-a0c23c,16,True,2542.3,4513.9,4616.3,5375.0,5130.4,5131.1,6506.0,3388.8,47
reactive-20260915-193806-a0c23c,17,True,1397.9,3650.4,3789.6,4246.7,4450.0,4450.7,5411.3,3852.8,16
reactive-20260915-193806-a0c23c,18,True,1721.2,3434.9,3571.8,4001.3,4125.5,4126.2,5222.0,3205.1,26
reactive-20260915-193806-a0c23c,19,True,1642.0,3581.3,3685.0,4350.5,4501.6,4502.4,5630.3,3660.3,19
reactive-20260915-193806-a0c23c,20,True,2580.8,4952.1,5055.1,5687.5,5517.1,5517.7,7041.6,3736.9,50
reactive-20260915-193806-a0c23c,21,True,1281.6,3530.4,3685.0,4057.2,3965.6,3966.2,5247.8,3484.6,14
reactive-20260915-193806-a0c23c,22,True,1843.4,3220.2,3356.7,3797.4,3783.0,3783.5,4905.3,2740.1,28
reactive-20260915-193806-a0c23c,23,True,1481.8,3495.6,3633.2,4258.2,3935.4,3936.1,5722.3,3254.3,22
reactive-20260915-193806-a0c23c,24,True,1801.9,3931.9,4033.5,4714.9,4537.3,4538.0,5942.8,3536.1,26
reactive-20260915-193806-a0c23c,25,True,1304.3,4641.3,4745.3,5435.3,4972.1,4972.7,5697.6,4468.4,13
reactive-20260915-193806-a0c23c,26,True,3123.2,5646.2,5791.1,6224.7,6315.4,6316.2,7285.4,3993.0,57
reactive-20260915-193806-a0c23c,27,True,3163.5,5537.1,5679.9,6565.3,6098.7,6099.3,7883.0,3735.9,59
reactive-20260915-193806-a0c23c,28,True,1823.1,4567.0,4705.5,5502.6,5202.3,5203.3,6774.1,4180.1,31
reactive-20260915-193806-a0c23c,29,True,1841.4,4411.0,4513.4,5175.7,4834.6,4835.2,6234.0,3793.7,30
reactive-20260915-193806-a0c23c,30,True,3183.8,5646.9,5745.9,6650.4,6366.3,6367.1,8214.6,3983.3,53
reactive-20260915-193806-a0c23c,31,True,2741.8,5860.1,6003.0,6699.5,6481.3,6481.8,8336.9,4540.1,34
reactive-20260915-193806-a0c23c,32,True,2581.4,4361.2,4461.8,4828.8,4641.4,4641.9,5597.4,2860.5,47
reactive-20260915-193806-a0c23c,33,True,1196.3,3249.5,3386.1,3843.1,4021.1,4021.9,5146.6,3625.5,16
reactive-20260915-193806-a0c23c,34,True,1702.9,3379.6,3516.1,4357.5,3883.8,3884.5,5332.3,2981.6,26
reactive-20260915-193806-a0c23c,35,True,1683.0,4014.5,4116.6,4775.1,4902.2,4903.0,6149.8,4019.9,19
reactive-20260915-193806-a0c23c,36,True,2601.5,4660.7,4761.8,5715.5,5092.3,5093.0,6648.5,3291.6,50
reactive-20260915-193806-a0c23c,37,True,1260.6,4796.7,4956.6,5330.8,5255.9,5256.5,6600.1,4795.9,14
reactive-20260915-193806-a0c23c,38,True,1843.2,3255.4,3391.8,4177.8,3789.5,3790.1,5510.7,2746.9,28
reactive-20260915-193806-a0c23c,39,True,1502.4,3990.2,4128.4,4457.3,4642.6,4643.2,5520.9,3940.8,22
reactive-20260915-193806-a0c23c,40,True,1803.3,3415.4,3551.5,4181.1,3967.6,3968.2,5619.4,2964.9,26
reactive-20260915-193806-a0c23c,41,True,1301.6,3697.9,3800.2,4527.4,4027.5,4028.1,4810.4,3526.5,13
reactive-20260915-193806-a0c23c,42,True,3082.3,5879.2,6024.3,6418.7,6557.8,6558.6,7626.0,4276.2,57
reactive-20260915-193806-a0c23c,43,True,3123.1,5156.9,5300.6,6159.4,5712.2,5712.7,7541.4,3389.6,59
reactive-20260915-193806-a0c23c,44,True,1781.4,4016.5,4120.7,4727.2,4654.3,4654.9,6019.3,3673.5,31
reactive-20260915-193806-a0c23c,45,True,1822.1,4110.2,4249.1,5144.6,4714.8,4715.4,6678.5,3693.3,30
reactive-20260915-193806-a0c23c,46,True,3222.0,6155.1,6256.6,6858.2,6736.2,6736.8,7886.3,4314.9,53
reactive-20260915-193806-a0c23c,47,True,2722.2,5549.7,5689.0,6352.3,6104.3,6104.9,7640.0,4182.7,35
reactive-20260915-193806-a0c23c,48,True,2540.9,4078.6,4179.4,4480.3,4341.5,4341.9,5225.3,2601.0,47
reactive-20260915-193806-a0c23c,49,True,1279.0,3178.6,3314.2,3771.5,3940.9,3941.6,4886.7,3462.6,16
reactive-20260915-193806-a0c23c,50,True,1721.2,3361.8,3497.0,4501.8,3922.0,3922.7,5553.1,3001.4,26
reactive-20260915-193806-a0c23c,51,True,1642.7,4270.1,4376.3,5042.1,5181.8,5182.5,6251.8,4339.8,19
reactive-20260915-193806-a0c23c,52,True,2580.6,4673.9,4777.1,5371.3,5240.9,5241.5,6764.4,3460.9,50
reactive-20260915-193806-a0c23c,53,True,1281.1,3306.5,3461.2,3837.1,3772.7,3773.3,4898.7,3292.2,14
reactive-20260915-193806-a0c23c,54,True,1842.1,3473.7,3609.5,4177.7,4150.4,4150.9,5439.4,3108.8,28
reactive-20260915-193806-a0c23c,55,True,1482.4,3571.7,3709.4,4039.6,4219.0,4219.6,5110.2,3537.2,22
reactive-20260915-193806-a0c23c,56,True,1801.9,3453.6,3589.6,4393.8,4041.6,4042.4,5873.0,3040.6,26
reactive-20260915-193806-a0c23c,57,True,1302.0,4932.2,5037.2,5758.1,5247.7,5248.2,5911.2,4746.1,13
reactive-20260915-193806-a0c23c,58,True,3122.8,5532.4,5677.1,6112.4,6209.0,6209.8,7133.1,3887.0,57
reactive-20260915-193806-a0c23c,59,True,3161.5,5559.4,5703.3,6690.7,6126.5,6127.1,8110.4,3765.6,59
reactive-20260915-193806-a0c23c,60,True,1831.9,4447.4,4587.6,5193.5,5121.1,5121.8,6323.1,4089.9,31
reactive-20260915-193806-a0c23c,61,True,1840.9,4163.6,4264.5,5018.9,4515.7,4516.2,5709.0,3475.3,30
reactive-20260915-193806-a0c23c,62,True,3181.3,5959.6,6059.3,6786.6,6522.5,6523.2,8062.6,4141.9,53
reactive-20260915-193806-a0c23c,63,True,2740.2,5705.4,5846.5,6710.5,6395.7,6396.4,8155.2,4456.3,34
reactive-20260915-193806-a0c23c,64,True,2581.9,4529.1,4630.4,5040.1,4976.5,4977.0,6273.9,3195.1,47
reactive-20260915-193806-a0c23c,65,True,1262.9,3216.2,3353.0,3775.1,3986.2,3986.8,4880.7,3523.9,16
reactive-20260915-193806-a0c23c,66,True,1702.9,3254.2,3391.0,4194.5,3974.8,3975.6,5356.1,3072.7,26
reactive-20260915-193806-a0c23c,67,True,1682.3,4747.0,4851.1,5515.3,5656.3,5657.1,6783.2,4774.8,19
reactive-20260915-193806-a0c23c,68,True,2600.0,4685.5,4786.7,5613.5,5109.1,5109.7,6666.5,3309.8,50
reactive-20260915-193806-a0c23c,69,True,1265.6,4063.0,4220.8,4593.9,4508.4,4509.0,5646.4,4043.4,14
reactive-20260915-193806-a0c23c,70,True,1849.6,3363.5,3501.7,4006.1,3925.9,3926.5,5208.5,2876.9,28
reactive-20260915-193806-a0c23c,71,True,1501.3,3424.2,3562.3,3889.9,4062.6,4063.3,4865.1,3361.9,22
reactive-20260915-193806-a0c23c,72,True,1802.0,3357.8,3497.0,4266.7,4028.2,4028.9,5526.2,3026.9,26
reactive-20260915-193806-a0c23c,73,True,1294.9,4508.9,4613.3,5330.9,4839.9,4840.5,5635.2,4345.6,13
reactive-20260915-193806-a0c23c,74,True,3082.2,5532.0,5676.9,6068.7,6207.4,6208.1,7187.2,3925.9,57
reactive-20260915-193806-a0c23c,75,True,3122.9,5220.0,5363.6,5866.8,5901.2,5902.0,7096.3,3579.1,59
reactive-20260915-193806-a0c23c,76,True,1782.2,3627.9,3766.0,4601.0,4236.3,4237.0,6177.3,3254.8,31
reactive-20260915-193806-a0c23c,77,True,1821.2,4364.3,4467.3,4871.4,4771.7,4772.3,6042.1,3751.1,30
reactive-20260915-193806-a0c23c,78,True,3224.0,5007.9,5106.5,5867.3,5605.1,5605.7,7357.5,3181.7,53
reactive-20260915-193806-a0c23c,79,True,2721.1,5827.2,5967.7,6594.6,6382.6,6383.2,7719.0,4462.1,35
reactive-20260915-193806-a0c23c,80,True,2539.9,4004.4,4104.5,4566.5,4275.5,4276.1,5250.1,2536.2,47
reactive-20260915-193806-a0c23c,81,True,1260.5,3317.8,3454.7,4059.0,3854.1,3854.7,5306.7,3394.2,16
reactive-20260915-193806-a0c23c,82,True,1720.6,4172.6,4274.2,5182.9,4691.2,4691.8,6436.8,3771.2,26
reactive-20260915-193806-a0c23c,83,True,1641.3,4294.5,4395.9,5061.2,5198.1,5198.9,6336.8,4357.6,19
reactive-20260915-193806-a0c23c,84,True,2581.6,4645.1,4747.8,5382.0,5196.3,5196.9,6728.2,3415.3,50
reactive-20260915-193806-a0c23c,85,True,1285.0,3578.0,3732.0,4137.7,4013.1,4013.6,5369.7,3528.6,14
reactive-20260915-193806-a0c23c,86,True,1841.9,3385.1,3520.7,4025.8,3947.0,3947.6,5415.5,2905.8,28
reactive-20260915-193806-a0c23c,87,True,1481.3,3343.4,3479.1,4244.8,3868.6,3869.2,5668.9,3187.9,22
reactive-20260915-193806-a0c23c,88,True,1801.3,3889.4,3990.0,4462.2,4412.6,4413.3,5639.1,3411.9,26
reactive-20260915-193806-a0c23c,89,True,1315.5,3452.2,3552.5,4276.1,3770.6,3771.2,4540.2,3255.7,13
reactive-20260915-193806-a0c23c,90,True,3122.8,5473.3,5617.4,6011.5,6131.9,6132.6,7220.9,3809.9,57
reactive-20260915-193806-a0c23c,91,True,3164.2,5239.1,5381.6,6307.8,5825.3,5826.0,7636.5,3461.8,59
reactive-20260915-193806-a0c23c,92,True,1822.8,4445.0,4549.2,5241.1,4992.2,4992.6,6727.8,3969.8,31
reactive-20260915-193806-a0c23c,93,True,1839.6,4006.5,4106.5,4806.6,4411.6,4412.2,5712.3,3372.6,30
reactive-20260915-193806-a0c23c,94,True,3181.1,5710.4,5808.5,6729.5,6410.1,6410.8,7949.9,4029.7,53
reactive-20260915-193806-a0c23c,95,True,2741.1,4806.3,4948.2,5707.8,5503.6,5504.2,6938.6,3563.2,34
reactive-20260915-193806-a0c23c,96,True,2581.3,4625.0,4726.5,5462.6,5246.2,5247.0,6762.2,3465.7,47
reactive-20260915-193806-a0c23c,97,True,1265.8,4111.9,4214.8,4672.1,4845.7,4846.4,5753.9,4380.5,16
reactive-20260915-193806-a0c23c,98,True,1702.5,3385.0,3521.0,4446.9,4040.0,4040.7,5703.6,3138.2,26
reactive-20260915-193806-a0c23c,99,True,1681.1,4191.8,4293.9,4952.4,5106.6,5107.4,6138.9,4226.3,19
reactive-20260915-193806-a0c23c,100,True,2600.4,4808.2,4910.4,5702.8,5231.6,5232.1,6737.4,3431.8,50
reactive-20260915-193806-a0c23c,101,True,1260.9,3676.3,3833.1,4203.5,4100.1,4100.7,5368.2,3639.8,14
reactive-20260915-193806-a0c23c,102,True,1844.2,3326.6,3462.6,4124.6,3918.5,3919.1,5536.5,2874.9,28
reactive-20260915-193806-a0c23c,103,True,1502.7,3641.0,3778.5,4107.5,4286.3,4287.0,5093.0,3584.3,22
reactive-20260915-193806-a0c23c,104,True,1803.1,3337.2,3473.2,4178.1,3787.4,3787.9,5348.8,2784.8,26
reactive-20260915-193806-a0c23c,105,True,1301.9,4275.2,4378.3,4875.3,4680.4,4681.0,5589.5,4179.1,13
reactive-20260915-193806-a0c23c,106,True,3081.5,5262.9,5404.7,5833.2,5946.2,5947.0,7002.0,3665.4,57
reactive-20260915-193806-a0c23c,107,True,3122.7,5426.6,5569.9,6328.9,5994.6,5995.2,7713.7,3672.6,59
reactive-20260915-193806-a0c23c,108,True,1782.1,4203.8,4305.6,5104.1,4775.1,4775.9,6613.1,3793.7,31
reactive-20260915-193806-a0c23c,109,True,1829.0,4347.2,4449.0,5149.9,4772.4,4773.0,6144.3,3744.0,30
reactive-20260915-193806-a0c23c,110,True,3222.0,5628.2,5726.2,6721.8,6287.1,6287.9,8568.5,3865.9,53
reactive-20260915-193806-a0c23c,111,True,2723.2,5886.7,6030.5,6628.4,6381.3,6381.9,7990.8,4458.6,35
reactive-20260915-193806-a0c23c,112,True,2541.3,4002.7,4101.8,4571.4,4415.7,4416.3,5748.6,2674.9,47
reactive-20260915-193806-a0c23c,113,True,1134.0,3399.1,3536.4,3957.7,4164.7,4165.2,5030.4,3831.3,16
reactive-20260915-193806-a0c23c,114,True,1724.3,3280.8,3416.3,4142.0,3925.5,3926.1,5487.9,3001.8,26
reactive-20260915-193806-a0c23c,115,True,1641.0,3741.8,3843.5,4504.5,4649.1,4649.9,5893.2,3808.8,19
reactive-20260915-193806-a0c23c,116,True,2581.7,4562.9,4665.2,4997.6,5120.6,5121.4,6197.3,3339.6,50
reactive-20260915-193806-a0c23c,117,True,1281.4,3131.4,3283.8,3687.2,3578.1,3578.7,4933.2,3097.3,14
reactive-20260915-193806-a0c23c,118,True,1843.5,3423.1,3558.8,4092.5,3990.4,3991.0,5389.0,2947.5,28
reactive-20260915-193806-a0c23c,119,True,1482.4,3509.8,3646.8,3976.4,4146.7,4147.3,5042.6,3464.9,22
reactive-20260915-193806-a0c23c,120,True,1801.9,3374.7,3510.3,4112.5,3828.8,3829.4,5314.9,2827.5,26
reactive-20260915-193806-a0c23c,121,True,1301.9,3777.8,3932.8,4399.3,4288.0,4288.6,5476.5,3786.7,13
reactive-20260915-193806-a0c23c,122,True,3122.0,5175.9,5318.5,5713.4,5846.5,5847.2,6841.7,3525.2,57
reactive-20260915-193806-a0c23c,123,True,3164.2,5190.0,5332.3,6259.6,5752.3,5752.8,7650.3,3388.6,59
reactive-20260915-193806-a0c23c,124,True,1822.5,4149.4,4249.7,5082.7,4737.3,4738.0,6544.4,3715.4,31
reactive-20260915-193806-a0c23c,125,True,1841.3,4471.2,4572.7,5305.8,4889.4,4890.1,6315.1,3848.8,30
reactive-20260915-193806-a0c23c,126,True,3188.4,5904.0,6003.8,6852.1,6616.8,6617.5,8187.9,4229.1,53
reactive-20260915-193806-a0c23c,127,True,2740.5,6147.7,6288.8,6850.4,6597.4,6598.0,8046.5,4657.4,34
reactive-20260915-193806-a0c23c,128,True,2582.5,5414.3,5544.5,6140.0,5728.6,5729.0,6823.6,3946.4,47
reactive-20260915-222329-ae7a6f,1,True,1261.9,3019.4,3179.8,3633.5,3835.0,3835.8,4752.9,3373.9,16
reactive-20260915-222329-ae7a6f,2,True,1701.2,3182.8,3319.5,4134.1,3682.2,3682.9,5117.0,2781.6,26
reactive-20260915-222329-ae7a6f,3,True,1681.1,3076.8,3180.7,3840.4,3982.2,3983.0,4917.0,3101.9,19
reactive-20260915-222329-ae7a6f,4,True,2600.8,4874.9,4979.8,5892.0,5303.0,5303.7,5928.8,3502.9,50
reactive-20260915-222329-ae7a6f,5,True,1261.0,3014.9,3172.7,3571.6,3436.6,3437.1,4478.5,2976.1,14
reactive-20260915-222329-ae7a6f,6,True,1841.8,3284.1,3421.5,3984.5,3844.7,3845.3,5019.1,2803.5,28
reactive-20260915-222329-ae7a6f,7,True,1503.2,3117.8,3254.7,3819.1,3763.9,3764.5,4791.4,3061.3,22
reactive-20260915-222329-ae7a6f,8,True,1801.4,3279.4,3380.2,3979.7,3699.3,3699.9,4981.9,2698.5,26
reactive-20260915-222329-ae7a6f,9,True,1302.7,3061.0,3215.3,3481.5,3579.6,3580.2,4426.2,3077.5,13
reactive-20260915-222329-ae7a6f,10,True,3082.8,4996.8,5140.5,5532.4,5664.6,5665.3,6573.4,3382.5,57
reactive-20260915-222329-ae7a6f,11,True,3123.0,5028.0,5171.6,6093.4,5587.8,5588.4,7084.5,3265.4,59
reactive-20260915-222329-ae7a6f,12,True,1781.5,3207.3,3310.4,3993.6,3755.9,3756.5,4035.8,2775.1,31
reactive-20260915-222329-ae7a6f,13,True,1819.5,3246.0,3346.7,4129.7,3667.3,3667.9,5028.4,2648.4,30
reactive-20260915-222329-ae7a6f,14,True,3223.1,4972.5,5071.9,5938.0,5634.2,5635.0,7040.1,3212.0,53
reactive-20260915-222329-ae7a6f,15,True,2721.9,4844.6,4987.6,5745.5,5403.0,5403.6,6891.4,3481.7,35
reactive-20260915-222329-ae7a6f,16,True,2542.4,4812.8,4913.1,5376.6,5095.9,5096.5,6106.4,3354.2,47
reactive-20260915-222329-ae7a6f,17,True,1260.9,3089.2,3226.4,3647.8,3859.3,3859.9,4730.4,3399.0,16
reactive-20260915-222329-ae7a6f,18,True,1721.4,3126.7,3265.4,4106.2,3682.8,3683.4,5178.3,2762.1,26
reactive-20260915-222329-ae7a6f,19,True,1646.2,3072.7,3174.3,3836.5,3981.1,3981.9,4975.4,3135.7,19
reactive-20260915-222329-ae7a6f,20,True,2583.7,5039.8,5143.1,5607.7,5687.4,5688.2,6606.0,3904.5,50
reactive-20260915-222329-ae7a6f,21,True,1282.8,2995.1,3149.4,3520.1,3416.6,3417.1,4441.1,2934.3,14
reactive-20260915-222329-ae7a6f,22,True,1840.5,3283.0,3419.7,4048.2,3945.7,3946.4,5085.0,2905.9,28
reactive-20260915-222329-ae7a6f,23,True,1484.6,3051.6,3188.7,3520.0,3627.3,3628.0,4563.0,2943.4,22
reactive-20260915-222329-ae7a6f,24,True,1801.1,3265.3,3402.2,3929.4,3816.7,3817.3,4931.4,2816.3,26
reactive-20260915-222329-ae7a6f,25,True,1302.8,3004.3,3158.6,3749.5,3589.4,3590.0,4775.1,3087.2,13
reactive-20260915-222329-ae7a6f,26,True,3121.6,4946.4,5090.4,5713.5,5585.0,5585.7,6763.1,3264.1,57
reactive-20260915-222329-ae7a6f,27,True,3163.4,5013.8,5113.0,5974.3,5527.6,5529.1,6978.7,3165.7,59
reactive-20260915-222329-ae7a6f,28,True,1819.7,3220.8,3319.9,4004.1,3737.8,3738.4,5061.6,2718.7,31
reactive-20260915-222329-ae7a6f,29,True,1841.5,3266.0,3364.3,4062.0,3669.4,3670.0,5094.4,2628.5,30
reactive-20260915-222329-ae7a6f,30,True,3183.0,4974.0,5071.8,5906.2,5621.6,5622.4,7005.6,3239.4,53
reactive-20260915-222329-ae7a6f,31,True,2741.8,4758.9,4897.9,5364.0,5220.1,5220.7,6401.4,3278.9,34
reactive-20260915-222329-ae7a6f,32,True,2583.1,4773.4,4872.1,5238.9,5054.0,5054.5,6217.7,3271.5,47
reactive-20260915-222329-ae7a6f,33,True,1261.8,2998.1,3134.1,3590.9,3787.5,3788.3,4695.7,3326.4,16
reactive-20260915-222329-ae7a6f,34,True,1703.6,3161.7,3297.4,4145.0,3726.7,3727.3,5268.0,2823.7,26
reactive-20260915-222329-ae7a6f,35,True,1679.2,3084.9,3184.8,3845.6,3989.7,3990.5,4983.1,3111.3,19
reactive-20260915-222329-ae7a6f,36,True,2602.2,4870.5,4969.2,5800.6,5278.6,5279.2,6796.0,3477.0,50
reactive-20260915-222329-ae7a6f,37,True,1261.6,2946.2,3099.4,3669.1,3539.9,3540.6,4637.0,3079.0,14
reactive-20260915-222329-ae7a6f,38,True,1842.7,4479.6,4578.9,5075.9,5000.8,5001.4,6107.2,3958.7,28
reactive-20260915-222329-ae7a6f,39,True,1504.1,3093.0,3233.0,3560.9,3729.6,3730.2,4563.8,3026.1,22
reactive-20260915-222329-ae7a6f,40,True,1801.7,3193.7,3333.2,3736.3,3775.8,3776.6,4720.6,2774.9,26
reactive-20260915-222329-ae7a6f,41,True,1303.2,3028.9,3181.8,3808.9,3400.8,3401.4,4857.6,2898.2,13
reactive-20260915-222329-ae7a6f,42,True,3080.8,4968.8,5067.3,5463.0,5606.9,5607.6,6493.8,3326.9,57
reactive-20260915-222329-ae7a6f,43,True,3123.5,4988.7,5132.3,5697.5,5542.0,5542.7,6788.9,3219.2,59
reactive-20260915-222329-ae7a6f,44,True,1781.0,3199.4,3298.6,3890.9,3581.7,3582.3,4972.3,2601.3,31
reactive-20260915-222329-ae7a6f,45,True,1822.0,3283.6,3382.5,4086.1,3967.3,3968.0,5116.4,2946.0,30
reactive-20260915-222329-ae7a6f,46,True,3222.8,4917.8,5014.9,5646.5,5479.4,5480.0,6716.1,3057.3,53
reactive-20260915-222329-ae7a6f,47,True,2722.3,4763.9,4902.5,5596.1,5327.3,5328.0,6687.2,3405.7,35
reactive-20260915-222329-ae7a6f,48,True,2543.2,4818.5,4917.6,5282.0,5082.4,5083.0,6311.4,3339.8,47
reactive-20260915-222329-ae7a6f,49,True,1262.3,2971.1,3109.9,3532.6,3768.8,3769.4,4632.2,3307.1,16
reactive-20260915-222329-ae7a6f,50,True,1721.1,3095.3,3232.4,4109.8,3644.3,3645.0,5286.5,2723.9,26
reactive-20260915-222329-ae7a6f,51,True,1642.3,3065.6,3165.1,3819.9,3960.0,3960.8,4888.0,3118.5,19
reactive-20260915-222329-ae7a6f,52,True,2582.9,4834.6,4933.3,5397.1,5467.6,5468.4,6396.3,3685.4,50
reactive-20260915-222329-ae7a6f,53,True,1280.3,2949.1,3101.7,3507.1,3402.4,3403.0,4537.8,2922.6,14
reactive-20260915-222329-ae7a6f,54,True,1841.5,3251.2,3389.9,3893.9,3809.3,3810.0,4891.3,2768.5,28
reactive-20260915-222329-ae7a6f,55,True,1480.4,3003.0,3137.6,3713.1,3683.3,3683.8,4666.7,3003.4,22
reactive-20260915-222329-ae7a6f,56,True,1800.7,3228.0,3327.6,4221.1,3584.3,3584.9,5230.0,2584.2,26
reactive-20260915-222329-ae7a6f,57,True,1302.4,2982.4,3081.4,3976.1,3305.3,3305.9,4970.3,2803.4,13
reactive-20260915-222329-ae7a6f,58,True,3122.8,5047.9,5192.7,5585.2,5705.9,5706.7,6638.6,3383.8,57
reactive-20260915-222329-ae7a6f,59,True,3167.0,5076.9,5219.9,5757.8,5745.5,5746.1,6740.4,3379.1,59
reactive-20260915-222329-ae7a6f,60,True,1819.7,3262.3,3362.3,3963.1,3887.3,3888.0,4921.5,2868.3,31
reactive-20260915-222329-ae7a6f,61,True,1842.1,3346.4,3444.7,4206.7,3699.2,3699.8,5247.0,2657.7,30
reactive-20260915-222329-ae7a6f,62,True,3182.0,4990.1,5088.6,5654.0,5553.9,5554.6,6644.4,3172.6,53
reactive-20260915-222329-ae7a6f,63,True,2742.2,4853.2,4993.4,5859.6,5371.9,5372.5,6847.8,3430.4,34
reactive-20260915-222329-ae7a6f,64,True,2582.3,5049.5,5180.1,5550.0,5396.2,5396.9,6554.3,3614.5,47
reactive-20260915-224023-e81655,1,True,1262.3,3296.9,3524.1,4124.2,4302.0,4302.8,5301.1,3840.5,16
reactive-20260915-224023-e81655,2,True,1702.0,3317.5,3463.4,4383.4,3827.7,3828.3,5261.4,2926.3,26
reactive-20260915-224023-e81655,3,True,1682.1,3311.2,3458.7,4130.4,4318.7,4319.5,4579.4,3437.4,19
reactive-20260915-224023-e81655,4,True,2600.3,5217.8,5371.8,5846.4,5931.3,5932.2,6838.5,4131.8,50
reactive-20260915-224023-e81655,5,True,1264.8,3203.7,3369.8,3746.6,3660.0,3660.7,4680.1,3195.8,14
reactive-20260915-224023-e81655,6,True,1841.4,3367.3,3504.9,4176.5,3925.7,3926.2,5340.0,2884.9,28
reactive-20260915-224023-e81655,7,True,1503.2,3395.6,3539.3,3870.9,4052.3,4052.9,4901.3,3349.7,22
reactive-20260915-224023-e81655,8,True,1801.9,3349.0,3486.0,4347.4,4072.2,4072.9,5467.6,3071.0,26
reactive-20260915-224023-e81655,9,True,1304.8,3186.7,3344.6,4094.8,3574.3,3575.0,4895.6,3070.2,13
reactive-20260915-224023-e81655,10,True,3082.5,5316.0,5461.6,5859.5,6017.2,6017.9,6954.0,3735.4,57
reactive-20260915-224023-e81655,11,True,3123.4,5078.8,5222.7,6106.3,5666.1,5666.9,7073.2,3343.5,59
reactive-20260915-224023-e81655,12,True,1781.2,3328.2,3469.1,4141.2,3903.7,3904.3,5174.8,2923.1,31
reactive-20260915-224023-e81655,13,True,1821.6,3263.8,3406.9,4334.3,3894.3,3894.9,5402.8,2873.3,30
reactive-20260915-224023-e81655,14,True,3224.8,5068.9,5216.5,6229.8,5595.9,5596.7,7318.7,3171.9,53
reactive-20260915-224023-e81655,15,True,2721.2,5153.3,5299.0,6054.3,5856.2,5856.9,7086.3,3935.7,35
reactive-20260915-224023-e81655,16,True,2542.0,5291.1,5466.9,6062.5,5653.8,5654.3,6535.0,3912.3,47
reactive-20260915-233828-3c4e81,1,True,1261.3,3324.9,3483.1,3906.9,4116.3,4116.9,4958.0,3655.6,16
reactive-20260915-233828-3c4e81,2,True,1713.0,3292.1,3447.7,4260.6,3907.1,3907.7,5383.9,2994.7,26
reactive-20260915-233828-3c4e81,3,False,1682.3,3404.1,3505.3,4157.8,4317.4,4318.2,5298.9,3435.9,19
reactive-20260915-233828-3c4e81,4,True,2600.3,5427.0,5574.8,6302.2,6035.2,6036.0,7391.8,4235.8,50
reactive-20260915-233828-3c4e81,5,True,1261.7,3284.4,3443.2,3810.1,3757.0,3757.6,3912.8,3295.9,14
reactive-20260915-233828-3c4e81,6,True,1841.4,3396.7,3534.5,4058.7,3941.1,3941.7,5099.5,2900.3,28
reactive-20260915-233828-3c4e81,7,True,1502.6,3337.3,3474.8,3974.4,3768.7,3769.4,5067.1,3066.7,22
reactive-20260915-233828-3c4e81,8,True,1802.3,3363.1,3464.0,4161.0,3889.9,3890.7,5234.0,2888.4,26
reactive-20260915-233828-3c4e81,9,True,1300.5,3298.0,3400.2,4152.7,3616.9,3617.5,4339.4,3116.9,13
reactive-20260915-233828-3c4e81,10,True,3080.7,5538.4,5686.2,6181.7,6247.7,6248.4,7206.6,3967.7,57
reactive-20260915-233828-3c4e81,11,True,3122.9,5275.8,5418.5,6245.1,5848.8,5849.4,7212.9,3526.6,59
reactive-20260915-233828-3c4e81,12,True,1780.2,3412.4,3553.9,4054.6,4066.7,4067.4,5011.7,3087.2,31
reactive-20260915-233828-3c4e81,13,True,1822.9,3373.2,3509.3,4394.5,3723.1,3723.7,4565.9,2700.8,30
reactive-20260915-233828-3c4e81,14,True,3221.5,5261.4,5360.8,6253.1,5840.6,5841.2,7283.2,3419.7,53
reactive-20260915-233828-3c4e81,15,True,2721.2,5287.2,5428.8,6083.7,5868.3,5868.9,7238.1,3947.7,35
reactive-20260915-233828-3c4e81,16,True,2551.3,5303.7,5439.9,5707.7,5836.9,5837.5,6665.1,4086.2,47
reactive-20260915-234243-f97b7a,1,True,1266.4,3064.8,3073.2,3073.5,3298.7,3299.3,4153.5,2832.8,16
reactive-20260915-234243-f97b7a,2,True,1701.6,3138.4,3146.9,3147.2,3312.3,3312.9,4182.2,2411.4,26
reactive-20260915-234243-f97b7a,3,True,1682.7,3090.8,3099.3,3099.6,-1,-1,3105.7,,19
reactive-20260915-234243-f97b7a,4,True,2605.9,4951.0,4959.2,4959.5,5124.8,5125.4,6025.7,3319.5,50
reactive-20260915-234243-f97b7a,5,True,1260.9,3005.5,3014.0,3014.3,3169.3,3170.0,4057.7,2709.1,14
reactive-20260915-234243-f97b7a,6,True,1839.9,3226.5,3237.2,3237.9,3393.4,3394.0,4226.8,2354.1,28
reactive-20260915-234243-f97b7a,7,True,1503.0,3078.6,3086.5,3086.8,3236.6,3237.3,4090.0,2534.3,22
reactive-20260915-234243-f97b7a,8,True,1802.5,3218.0,3226.7,3227.1,3379.8,3380.5,4263.2,2378.0,26
reactive-20260915-234243-f97b7a,9,True,1341.3,2970.3,2978.6,2978.9,3135.4,3136.1,4011.8,2594.8,13
reactive-20260915-234243-f97b7a,10,True,3082.3,5030.2,5038.2,5038.6,5207.6,5208.3,6073.4,2926.0,57
reactive-20260915-234243-f97b7a,11,True,3123.2,5001.0,5009.4,5009.7,5167.4,5168.0,6064.4,2844.9,59
reactive-20260915-234243-f97b7a,12,True,1782.0,3224.1,3232.5,3232.8,3397.9,3398.6,4246.0,2416.6,31
reactive-20260915-234243-f97b7a,13,True,1862.5,3290.1,3298.0,3298.3,3467.1,3467.7,4310.5,2405.2,30
reactive-20260915-234243-f97b7a,14,True,3223.5,4930.1,4937.9,4938.2,-1,-1,4943.7,,53
reactive-20260915-234243-f97b7a,15,True,2562.7,4847.8,4856.7,4857.0,5009.9,5010.5,5838.1,3247.9,35
reactive-20260915-234243-f97b7a,16,True,2545.4,4769.6,4777.9,4778.3,4946.6,4947.3,5804.0,3201.9,47
reactive-20260915-234243-f97b7a,17,True,1262.5,2966.9,2975.1,2975.4,3130.1,3130.8,4019.5,2668.2,16
reactive-20260915-234243-f97b7a,18,True,1721.0,3138.5,3147.0,3147.3,3304.3,3305.0,4184.2,2383.9,26
reactive-20260915-234243-f97b7a,19,True,1662.2,3081.9,3090.3,3090.6,3250.2,3250.9,4103.7,2388.7,19
reactive-20260915-234243-f97b7a,20,True,2585.2,4951.2,4959.4,4959.7,5115.6,5116.2,5937.7,3331.0,50
reactive-20260915-234243-f97b7a,21,True,1281.3,2968.7,2977.0,2977.3,3130.1,3130.7,3964.4,2649.4,14
reactive-20260915-234243-f97b7a,22,True,1840.9,4554.7,4563.2,4563.5,4728.9,4729.5,5617.7,3688.6,28
reactive-20260915-234243-f97b7a,23,True,1480.8,3058.4,3066.2,3066.8,3227.3,3227.9,4081.4,2547.1,22
reactive-20260915-234243-f97b7a,24,True,1799.6,3170.4,3178.9,3179.2,3343.4,3344.1,4145.7,2344.4,26
reactive-20260915-234243-f97b7a,25,True,1301.5,2964.0,2972.6,2972.9,3130.7,3131.4,3987.1,2629.9,13
reactive-20260915-234243-f97b7a,26,True,3121.8,4956.2,4964.0,4964.7,5116.8,5117.4,5958.6,2795.7,57
reactive-20260915-234243-f97b7a,27,True,3161.7,5015.9,5024.3,5024.6,5192.1,5192.7,6062.2,2831.0,59
reactive-20260915-234243-f97b7a,28,True,1835.0,4561.2,4569.4,4569.7,4744.7,4745.4,5643.7,3710.4,31
reactive-20260915-234243-f97b7a,29,True,1841.8,3273.1,3281.2,3281.6,3436.8,3437.5,4250.8,2395.7,30
reactive-20260915-234243-f97b7a,30,True,2922.2,4919.3,4927.1,4927.4,5088.9,5089.6,5896.3,2967.4,53
reactive-20260915-234243-f97b7a,31,True,2742.3,4799.7,4808.7,4809.0,4967.8,4968.4,5863.1,3026.1,34
reactive-20260915-234243-f97b7a,32,True,2581.8,4966.9,4988.4,4988.7,5189.1,5189.7,6013.6,3407.9,47
reactive-20260916-000145-0c60a4,1,True,1262.4,3327.7,3546.7,4004.9,4213.3,4214.3,5122.5,3751.9,16
reactive-20260916-000145-0c60a4,2,False,1703.2,3399.1,3541.9,4624.8,4241.9,4242.7,5917.9,3339.5,26
reactive-20260916-000145-0c60a4,3,True,1684.8,3347.2,3490.1,4158.3,4315.7,4316.5,5298.7,3431.8,19
reactive-20260916-000145-0c60a4,4,True,2603.2,5181.3,5330.2,5932.7,5919.0,5919.7,7108.4,4116.6,50
reactive-20260916-000145-0c60a4,5,True,1261.5,3227.4,3385.1,3792.1,3980.4,3981.2,5259.0,3519.7,14
reactive-20260916-000145-0c60a4,6,False,1840.9,3366.7,3504.5,4290.3,4120.5,4121.2,5335.4,3080.3,28
reactive-20260916-000145-0c60a4,7,False,1500.3,3189.9,3334.4,3665.8,3932.7,3933.3,4334.1,3233.0,22
reactive-20260916-000145-0c60a4,8,False,1622.4,3761.6,3905.8,4632.3,4426.0,4426.8,5975.4,3604.4,26
reactive-20260916-000145-0c60a4,9,True,1301.1,3667.3,3822.6,4564.4,4060.5,4061.1,4839.0,3560.0,13
reactive-20260916-000145-0c60a4,10,True,3081.5,5128.8,5274.6,5744.2,5784.2,5785.0,6734.3,3503.5,57
reactive-20260916-000145-0c60a4,11,True,3121.2,5032.4,5175.2,5715.4,5692.3,5693.0,6736.8,3371.8,59
reactive-20260916-000145-0c60a4,12,True,1779.6,3191.1,3332.0,3937.5,3865.3,3865.9,4998.1,2886.3,31
reactive-20260916-000145-0c60a4,13,True,1821.9,3325.4,3469.9,4173.7,4067.3,4068.3,5160.5,3046.4,30
reactive-20260916-000145-0c60a4,14,True,3223.9,4989.6,5136.9,5830.2,5616.4,5617.0,6891.0,3193.1,53
reactive-20260916-000145-0c60a4,15,True,2721.7,4910.7,5057.4,5898.2,5657.1,5657.8,6855.6,3736.1,35
reactive-20260916-000145-0c60a4,16,True,2540.7,5069.2,5249.8,5453.2,5568.0,5568.6,6368.7,3827.8,47
reactive-20260916-000908-0c8e4f,1,True,1262.3,3091.6,3100.1,3100.4,3335.0,3335.6,4190.6,2873.3,16
reactive-20260916-000908-0c8e4f,2,True,1701.0,3102.5,3111.2,3111.5,3276.7,3277.3,4085.5,2376.3,26
reactive-20260916-000908-0c8e4f,3,True,1692.8,3092.4,3101.0,3101.3,3279.9,3280.6,4121.6,2387.8,19
reactive-20260916-000908-0c8e4f,4,True,2602.4,4807.8,4815.8,4816.1,4985.2,4985.8,5807.7,3183.5,50
reactive-20260916-000908-0c8e4f,5,True,1261.5,2926.4,2934.9,2935.2,3102.4,3103.0,3953.7,2641.5,14
reactive-20260916-000908-0c8e4f,6,True,1842.0,3287.5,3295.9,3296.3,3460.2,3460.8,4329.6,2418.8,28
reactive-20260916-000908-0c8e4f,7,True,1501.9,3049.2,3057.0,3057.7,3215.2,3215.8,4098.9,2513.9,22
reactive-20260916-000908-0c8e4f,8,True,1800.7,3249.9,3258.3,3258.6,3404.0,3404.6,4277.5,2403.9,26
reactive-20260916-000908-0c8e4f,9,True,1343.3,2933.5,2941.6,2942.0,3100.9,3101.6,3912.7,2558.3,13
reactive-20260916-000908-0c8e4f,10,True,3101.6,4986.6,4994.4,4994.7,5153.4,5154.1,5957.9,2852.5,57
reactive-20260916-000908-0c8e4f,11,True,3141.7,5013.8,5022.1,5022.4,5193.0,5193.6,6060.9,2851.9,59
reactive-20260916-000908-0c8e4f,12,True,1781.9,3242.5,3250.9,3251.2,-1,-1,3251.4,,31
reactive-20260916-000908-0c8e4f,13,True,1740.9,3179.2,3188.0,3188.3,3360.1,3360.8,4205.8,2419.9,30
reactive-20260916-000908-0c8e4f,14,True,3223.3,4916.9,4924.4,4924.8,-1,-1,4924.9,,53
reactive-20260916-000908-0c8e4f,15,True,2723.0,4810.7,4819.5,4819.8,4989.1,4989.8,5884.4,3066.8,35
reactive-20260916-000908-0c8e4f,16,True,2558.5,4940.0,4948.1,4948.4,5120.4,5121.1,5995.6,3362.5,47
reactive-20260916-000908-0c8e4f,17,True,1261.1,3063.6,3072.9,3073.4,3253.3,3254.0,4098.8,2792.9,16
reactive-20260916-000908-0c8e4f,18,True,1720.8,3188.5,3196.8,3197.1,3355.3,3356.0,4245.7,2435.2,26
reactive-20260916-000908-0c8e4f,19,True,1644.1,3082.0,3090.4,3090.7,3252.4,3253.0,4143.3,2408.9,19
reactive-20260916-000908-0c8e4f,20,True,2583.8,4902.0,4910.2,4910.6,5085.6,5086.2,5969.0,3302.4,50
reactive-20260916-000908-0c8e4f,21,True,1290.2,2980.5,2988.8,2989.1,3163.8,3164.4,4010.3,2674.2,14
reactive-20260916-000908-0c8e4f,22,True,1841.2,3308.9,3317.3,3317.6,3477.1,3477.7,4363.2,2436.6,28
reactive-20260916-000908-0c8e4f,23,True,1482.1,3056.0,3063.9,3064.6,3230.1,3230.8,4122.7,2548.7,22
reactive-20260916-000908-0c8e4f,24,True,1801.3,3244.4,3252.9,3253.2,3420.4,3421.0,4288.4,2419.7,26
reactive-20260916-000908-0c8e4f,25,True,1302.7,2964.2,2972.5,2972.8,3118.8,3119.5,3929.5,2616.8,13
reactive-20260916-000908-0c8e4f,26,True,3120.7,4932.5,4941.0,4941.5,5099.5,5100.2,5985.5,2779.4,57
reactive-20260916-000908-0c8e4f,27,True,3164.2,5053.7,5062.5,5062.8,5220.2,5220.9,6091.4,2856.7,59
reactive-20260916-000908-0c8e4f,28,True,1821.9,3267.2,3277.5,3278.2,-1,-1,3278.3,,31
reactive-20260916-000908-0c8e4f,29,True,1740.4,3180.6,3189.7,3190.0,3362.0,3362.6,4207.1,2422.2,30
reactive-20260916-000908-0c8e4f,30,True,3183.6,5017.3,5024.9,5025.2,5202.8,5203.4,6103.0,2819.8,53
reactive-20260916-000908-0c8e4f,31,True,2741.7,4801.5,4810.3,4811.0,4970.7,4971.3,5790.2,3029.6,34
reactive-20260916-000908-0c8e4f,32,True,2583.0,4972.1,4993.0,4993.3,5186.5,5187.0,6020.8,3404.0,47
reactive-20260916-003348-48eaea,1,False,1264.1,3770.4,4284.9,5021.9,4770.8,4771.6,6213.0,4307.5,16
reactive-20260916-003348-48eaea,2,True,2579.9,5942.6,6186.1,7094.2,6776.3,6779.1,8209.3,4999.1,50
reactive-20260916-003601-132d21,1,True,1262.8,3097.3,3105.9,3106.2,3330.1,3330.6,4192.7,2867.8,16
reactive-20260916-003601-132d21,2,True,1700.7,3075.2,3083.8,3084.4,3253.5,3254.8,4078.9,2354.1,26
reactive-20260916-003601-132d21,3,True,1680.1,3042.8,3051.3,3051.6,3225.1,3225.7,4103.3,2345.6,19
reactive-20260916-003601-132d21,4,True,2601.9,4879.4,4887.6,4887.9,5038.2,5038.8,5913.6,3236.9,50
reactive-20260916-003601-132d21,5,True,1262.2,2946.8,2955.4,2955.7,3142.7,3143.4,4040.1,2681.2,14
reactive-20260916-003601-132d21,6,True,1839.7,3258.7,3267.2,3267.5,3434.5,3435.2,4304.8,2395.5,28
reactive-20260916-003601-132d21,7,True,1421.1,3008.0,3016.7,3017.0,3175.5,3176.1,4060.1,2555.0,22
reactive-20260916-003601-132d21,8,True,1800.7,3156.7,3165.4,3165.7,3331.0,3331.7,4155.0,2330.9,26
reactive-20260916-003601-132d21,9,True,1343.0,2930.8,2939.2,2939.6,3092.7,3093.4,3904.9,2550.4,13
reactive-20260916-003601-132d21,10,True,3100.2,4965.2,4973.0,4973.4,5139.2,5139.9,6025.8,2839.7,57
reactive-20260916-003601-132d21,11,True,3142.9,5093.2,5101.7,5102.1,5277.8,5278.4,6128.4,2935.5,59
reactive-20260916-003601-132d21,12,True,1781.9,3167.1,3175.4,3175.7,3333.0,3333.6,4196.3,2351.8,31
reactive-20260916-003601-132d21,13,True,1860.5,3267.7,3275.7,3276.0,3430.7,3431.3,4251.0,2370.9,30
reactive-20260916-003601-132d21,14,True,3224.5,4824.0,4831.6,4831.9,4999.3,4999.9,5877.6,2575.3,53
reactive-20260916-003601-132d21,15,True,2723.4,4787.6,4796.5,4796.9,4958.2,4958.8,5833.0,3035.4,35
reactive-20260916-003601-132d21,16,True,2543.3,4930.8,4939.1,4939.4,5113.2,5113.9,5959.0,3370.6,47
reactive-20260916-003601-132d21,17,True,1265.4,3049.9,3058.4,3058.7,3245.6,3246.3,4091.4,2780.9,16
reactive-20260916-003601-132d21,18,True,1721.7,3159.9,3168.4,3168.8,3333.7,3334.4,4232.0,2412.7,26
reactive-20260916-003601-132d21,19,True,1641.1,3038.6,3047.2,3047.5,3213.3,3214.0,4032.9,2372.9,19
reactive-20260916-003601-132d21,20,True,2583.4,4848.4,4856.6,4856.9,5014.5,5015.2,5846.7,3231.8,50
reactive-20260916-003601-132d21,21,True,1282.1,2904.6,2912.9,2913.2,3109.2,3109.9,3984.9,2627.8,14
reactive-20260916-003601-132d21,22,True,1840.3,3281.6,3290.2,3290.5,3448.6,3449.2,4314.4,2409.0,28
reactive-20260916-003601-132d21,23,True,1405.5,2977.4,2985.8,2986.1,3137.6,3138.2,4003.9,2532.8,22
reactive-20260916-003601-132d21,24,True,1801.1,3201.4,3209.7,3210.0,3393.9,3394.6,4289.8,2393.6,26
reactive-20260916-003601-132d21,25,True,1302.9,2962.6,2971.2,2971.5,3130.9,3131.6,4031.1,2628.6,13
reactive-20260916-003601-132d21,26,True,3122.1,4992.3,5000.2,5000.5,-1,-1,5000.7,,57
reactive-20260916-003601-132d21,27,True,3166.2,5062.4,5070.7,5071.1,5231.1,5231.7,6096.2,2865.5,59
reactive-20260916-003601-132d21,28,True,1821.5,3222.7,3231.1,3231.4,3390.4,3391.0,4285.7,2369.5,31
reactive-20260916-003601-132d21,29,True,1840.4,3307.2,3315.5,3315.8,3471.7,3472.4,4310.5,2431.9,30
reactive-20260916-003601-132d21,30,True,3064.1,4932.8,4941.4,4941.8,5104.7,5105.3,5982.6,2841.3,53
reactive-20260916-003601-132d21,31,True,2743.8,4697.4,4706.3,4706.6,4884.5,4885.1,5698.2,2941.4,34
reactive-20260916-003601-132d21,32,True,2582.9,5042.4,5064.2,5064.5,5248.5,5249.1,6115.7,3466.2,47
reactive-20260916-004006-6d0f01,1,False,1261.1,3683.2,4162.8,4977.7,4691.3,4692.1,6195.0,4231.0,16
reactive-20260916-004006-6d0f01,2,False,2580.4,5993.2,6295.5,7295.2,6715.7,6716.5,8233.3,4936.1,50
reactive-20260916-004234-4a7490,1,True,1263.3,3060.6,3069.0,3069.4,3296.0,3296.6,4162.4,2833.2,16
reactive-20260916-004234-4a7490,2,True,1703.2,3143.9,3152.6,3152.9,3311.6,3312.3,4175.9,2409.1,26
reactive-20260916-004234-4a7490,3,True,1679.8,3173.6,3182.0,3182.4,3357.1,3357.6,4205.7,2477.8,19
reactive-20260916-004234-4a7490,4,True,2601.6,4970.2,4978.2,4978.6,5146.3,5146.9,6017.6,3345.4,50
reactive-20260916-004234-4a7490,5,True,1261.3,3012.5,3021.0,3021.4,3192.2,3192.9,4054.7,2731.6,14
reactive-20260916-004234-4a7490,6,True,1840.4,3305.0,3313.5,3313.8,3467.7,3468.4,4344.6,2428.0,28
reactive-20260916-004234-4a7490,7,True,1503.2,3054.8,3062.6,3062.9,3217.5,3218.1,4102.0,2514.9,22
reactive-20260916-004234-4a7490,8,True,1802.2,3194.3,3202.8,3203.2,3360.0,3360.6,4174.0,2358.5,26
reactive-20260916-004234-4a7490,9,True,1344.0,2952.5,2961.1,2961.7,3393.6,3394.3,4205.8,2850.3,13
reactive-20260916-004234-4a7490,10,True,3102.4,4998.8,5006.6,5007.0,5169.9,5170.5,6066.0,2868.1,57
reactive-20260916-004234-4a7490,11,True,3123.1,5044.7,5053.2,5053.5,5220.2,5220.9,6075.1,2897.8,59
reactive-20260916-004234-4a7490,12,True,1781.6,3179.1,3187.5,3187.9,3332.9,3333.6,4139.3,2352.0,31
reactive-20260916-004234-4a7490,13,True,1820.7,3219.6,3227.8,3228.1,3389.2,3389.9,4283.2,2369.2,30
reactive-20260916-004234-4a7490,14,True,3221.8,4865.2,4872.6,4872.9,5039.4,5040.0,5911.3,2618.2,53
reactive-20260916-004234-4a7490,15,True,2723.7,4812.9,4821.8,4822.1,4978.6,4979.2,5873.4,3055.5,35
reactive-20260916-004234-4a7490,16,True,2557.3,4811.9,4820.2,4820.5,4993.3,4994.3,5890.7,3237.0,47
reactive-20260916-004234-4a7490,17,True,1262.2,3014.2,3022.4,3022.7,3191.4,3192.1,4090.2,2729.9,16
reactive-20260916-004234-4a7490,18,True,1721.9,3106.1,3114.4,3114.8,3276.3,3276.9,4131.4,2355.1,26
reactive-20260916-004234-4a7490,19,True,1641.5,3061.8,3070.4,3070.7,3240.5,3241.1,4130.9,2399.6,19
reactive-20260916-004234-4a7490,20,True,2589.1,4983.9,4992.0,4992.4,5167.9,5168.6,6039.3,3379.5,50
reactive-20260916-004234-4a7490,21,True,1281.6,2960.2,2968.4,2968.7,3123.1,3123.7,3983.5,2642.2,14
reactive-20260916-004234-4a7490,22,True,1842.9,3284.5,3293.0,3293.3,3467.7,3468.4,4319.9,2425.5,28
reactive-20260916-004234-4a7490,23,True,1481.6,3077.4,3085.2,3085.7,3254.4,3255.1,4075.0,2573.5,22
reactive-20260916-004234-4a7490,24,True,1800.4,3311.2,3319.5,3319.9,3486.3,3486.9,4339.4,2486.6,26
reactive-20260916-004234-4a7490,25,True,1306.6,3007.8,3016.2,3016.5,3188.2,3188.9,4088.5,2682.3,13
reactive-20260916-004234-4a7490,26,True,3122.6,4987.0,4994.7,4995.0,5163.8,5164.5,5971.1,2841.8,57
reactive-20260916-004234-4a7490,27,True,3159.4,4898.0,4906.3,4906.6,5096.1,5096.8,5972.1,2737.3,59
reactive-20260916-004234-4a7490,28,True,1822.4,3259.4,3267.6,3267.9,3443.1,3443.8,4250.1,2421.4,31
reactive-20260916-004234-4a7490,29,True,1842.1,3262.1,3270.2,3270.6,3431.0,3431.7,4309.7,2389.6,30
reactive-20260916-004234-4a7490,30,True,3061.1,4860.2,4868.0,4868.3,5045.3,5045.9,5897.4,2784.9,53
reactive-20260916-004234-4a7490,31,True,2742.5,4821.2,4830.1,4830.4,4988.5,4989.2,5818.2,3046.7,34
reactive-20260916-004234-4a7490,32,True,2582.9,4913.1,4934.2,4934.5,5113.8,5114.4,5961.0,3331.5,47
reactive-20260916-004555-f6eccc,1,False,1263.3,3260.6,3269.1,3269.4,3492.8,3493.3,4365.5,3030.0,16
reactive-20260916-004555-f6eccc,2,False,1583.6,3198.3,3207.0,3207.3,3379.8,3380.4,4257.5,2596.8,26
reactive-20260916-004555-f6eccc,3,True,1682.3,3323.3,3331.8,3332.1,3486.4,3487.0,4298.4,2604.7,19
reactive-20260916-004555-f6eccc,4,True,2602.6,5066.3,5074.3,5074.6,5249.2,5249.9,6113.8,3447.2,50
reactive-20260916-004555-f6eccc,5,True,1261.2,3129.8,3138.4,3138.7,3294.2,3294.8,4158.3,2833.6,14
reactive-20260916-004555-f6eccc,6,True,1464.5,3159.2,3167.9,3168.2,3327.7,3328.4,4135.5,2663.9,28
reactive-20260916-004555-f6eccc,7,True,1502.2,3240.0,3247.9,3248.2,3408.8,3409.4,4270.4,2707.2,22
reactive-20260916-004555-f6eccc,8,True,1802.2,3238.8,3247.2,3247.5,-1,-1,3247.7,,26
reactive-20260916-004555-f6eccc,9,True,1343.9,3171.8,3180.5,3180.8,3336.8,3337.5,4201.3,2793.6,13
reactive-20260916-004555-f6eccc,10,True,3079.5,5086.9,5094.7,5095.1,5260.7,5261.4,6152.3,2981.9,57
reactive-20260916-004555-f6eccc,11,True,3123.1,5125.1,5133.5,5133.9,5286.1,5286.7,6152.2,2963.6,59
reactive-20260916-004555-f6eccc,12,True,1782.6,3275.7,3283.8,3284.1,3440.4,3441.0,4252.5,2458.5,31
reactive-20260916-004555-f6eccc,13,True,1859.4,3337.3,3345.2,3345.5,3500.7,3501.4,4319.1,2442.0,30
reactive-20260916-004555-f6eccc,14,True,3223.1,5163.0,5170.5,5171.2,5338.8,5339.4,6233.1,2916.3,53
reactive-20260916-004555-f6eccc,15,True,2721.8,4904.2,4913.1,4913.8,5069.3,5070.0,5885.7,3148.1,35
reactive-20260916-004555-f6eccc,16,True,2541.8,4986.6,4994.6,4994.9,5169.3,5170.0,6022.3,3428.2,47
reactive-20260916-004555-f6eccc,17,True,1262.0,3067.5,3075.7,3076.0,3238.8,3239.5,4135.0,2777.5,16
reactive-20260916-004555-f6eccc,18,True,1723.1,3305.7,3314.2,3314.5,3484.8,3485.5,4287.4,2562.4,26
reactive-20260916-004555-f6eccc,19,True,1642.9,3180.3,3189.0,3189.3,-1,-1,3195.5,,19
reactive-20260916-004555-f6eccc,20,True,2541.2,5092.5,5100.9,5101.3,5281.5,5282.2,6131.5,3541.0,50
reactive-20260916-004555-f6eccc,21,True,1290.8,3097.1,3105.3,3105.6,3285.4,3286.1,4171.0,2795.3,14
reactive-20260916-004555-f6eccc,22,True,1841.3,3317.9,3326.3,3326.6,3491.6,3492.3,4293.2,2451.0,28
reactive-20260916-004555-f6eccc,23,True,1489.8,3212.5,3220.4,3220.7,3413.8,3414.5,4254.3,2724.7,22
reactive-20260916-004555-f6eccc,24,True,1800.1,3269.2,3277.7,3278.0,3433.8,3434.4,4331.5,2434.3,26
reactive-20260916-004555-f6eccc,25,True,1303.7,3060.0,3068.3,3068.6,3223.2,3223.8,4085.7,2720.1,13
reactive-20260916-004555-f6eccc,26,True,3122.2,5145.5,5153.3,5153.6,-1,-1,5159.1,,57
reactive-20260916-004555-f6eccc,27,True,3164.2,5138.2,5146.4,5146.7,5298.5,5299.2,6196.6,2935.0,59
reactive-20260916-004555-f6eccc,28,True,1821.6,3319.9,3327.9,3328.2,3490.2,3490.9,4376.5,2469.3,31
reactive-20260916-004555-f6eccc,29,True,1440.5,3241.5,3249.5,3249.8,3406.2,3406.9,4299.3,2766.4,30
reactive-20260916-004555-f6eccc,30,True,3061.6,5236.3,5243.9,5244.3,5399.7,5400.3,6281.6,3138.7,53
reactive-20260916-004555-f6eccc,31,True,2743.1,5014.2,5023.2,5023.5,5178.0,5179.4,5986.1,3236.4,34
reactive-20260916-004555-f6eccc,32,True,2582.1,5171.7,5195.0,5195.3,5374.8,5375.4,6228.0,3593.3,47
reactive-20260916-004853-15deb9,1,False,1262.9,3198.4,3512.1,3937.1,4155.5,4156.1,4987.6,3693.3,16
reactive-20260916-004853-15deb9,2,True,1703.9,3341.7,3486.7,4149.4,3914.1,3914.7,5285.1,3010.9,26
reactive-20260916-004853-15deb9,3,False,1682.1,3360.2,3507.9,4179.9,4372.8,4373.6,5406.2,3491.5,19
reactive-20260916-004853-15deb9,4,False,2601.2,5351.4,5500.7,6070.0,6005.4,6006.1,7095.7,4204.9,50
reactive-20260916-004853-15deb9,5,True,1264.0,3194.2,3352.5,3756.1,3652.2,3652.6,4723.6,3188.6,14
reactive-20260916-004853-15deb9,6,True,1840.7,3422.8,3564.9,4129.7,3976.1,3976.7,5192.7,2936.0,28
reactive-20260916-004853-15deb9,7,False,1501.6,3211.7,3355.8,3927.9,3884.4,3885.0,4952.9,3183.4,22
reactive-20260916-004853-15deb9,8,True,1799.7,3329.5,3471.5,4143.0,3802.3,3802.9,5219.5,2803.2,26
reactive-20260916-004853-15deb9,9,True,1306.2,3118.7,3276.1,4010.0,3502.3,3502.8,4671.0,2996.6,13
reactive-20260916-004853-15deb9,10,False,3081.4,5176.2,5324.0,5691.0,5802.1,5802.8,6707.5,3521.4,57
reactive-20260916-004853-15deb9,11,True,3122.3,5258.0,5402.5,6363.2,5828.7,5829.3,7411.9,3507.0,59
reactive-20260916-004853-15deb9,12,True,1781.5,3256.6,3397.4,3995.3,3942.1,3942.7,4202.8,2961.2,31
reactive-20260916-004853-15deb9,13,False,1860.0,3377.2,3524.2,4226.1,3827.8,3828.5,5225.5,2768.5,30
reactive-20260916-004853-15deb9,14,True,3222.5,5098.8,5248.8,6089.7,5819.6,5820.4,7146.9,3397.9,53
reactive-20260916-004853-15deb9,15,False,2721.8,4991.7,5141.2,5776.7,5610.7,5611.3,6811.6,3689.5,35
reactive-20260916-004853-15deb9,16,True,2543.3,5083.9,5232.2,5537.7,5423.6,5424.1,6464.7,3680.8,47
reactive-20260916-004853-15deb9,17,False,1268.5,3183.2,3320.1,3743.6,3968.5,3969.1,4844.8,3500.6,16
reactive-20260916-004853-15deb9,18,True,1723.3,3276.0,3412.9,4418.0,3763.1,3763.7,5329.0,2840.4,26
reactive-20260916-004853-15deb9,19,False,1642.2,3334.7,3435.7,4100.6,4233.5,4234.2,5183.8,3392.0,19
reactive-20260916-004853-15deb9,20,True,2580.7,5206.8,5358.4,6032.6,5859.9,5860.8,7096.6,4080.1,50
reactive-20260916-004853-15deb9,21,True,1282.4,3215.0,3372.0,3749.4,3724.2,3724.9,4744.0,3242.5,14
reactive-20260916-004853-15deb9,22,True,1842.1,3346.2,3482.0,4045.5,3902.8,3903.4,5080.7,2861.3,28
reactive-20260916-004853-15deb9,23,True,1481.0,3321.6,3459.8,4027.7,3986.9,3987.5,5065.7,3306.5,22
reactive-20260916-004853-15deb9,24,True,1800.5,3265.0,3365.8,3935.1,3700.8,3701.5,4928.1,2701.0,26
reactive-20260916-004853-15deb9,25,True,1301.7,3217.7,3321.6,4053.3,3554.5,3555.1,4278.3,3053.4,13
reactive-20260916-004853-15deb9,26,True,3120.1,5226.4,5373.3,6002.6,5872.9,5873.6,7038.7,3553.5,57
reactive-20260916-004853-15deb9,27,True,3162.9,5296.4,5396.8,5994.4,5875.1,5875.8,7068.6,3512.9,59
reactive-20260916-004853-15deb9,28,True,1821.0,3371.4,3528.0,4126.6,4084.0,4084.7,5147.7,3063.7,31
reactive-20260916-004853-15deb9,29,True,1841.6,3354.9,3493.9,4334.1,4002.6,4003.2,5382.3,2961.6,30
reactive-20260916-004853-15deb9,30,True,3181.5,5157.4,5262.5,6168.7,5750.6,5751.3,7193.3,3369.7,53
reactive-20260916-004853-15deb9,31,False,2741.7,4995.8,5139.6,5857.6,5457.5,5458.1,6861.1,3516.4,34
reactive-20260916-004853-15deb9,32,True,2582.1,5314.6,5449.6,6036.1,5636.5,5637.1,6632.4,3855.0,47
reactive-20260916-100117-32e47d,1,True,1262.1,3706.0,3972.9,4525.8,4797.7,4798.4,5694.8,4336.3,16
reactive-20260916-100117-32e47d,2,True,2580.1,5932.1,6220.8,6976.6,6808.1,6809.0,8048.6,5028.9,50
reactive-20260916-100324-6387dc,1,True,1261.7,2961.9,2971.3,2971.6,3196.1,3196.7,4051.0,2734.9,16
reactive-20260916-100324-6387dc,2,True,1700.5,3108.6,3118.4,3118.7,3298.3,3299.0,4181.2,2398.5,26
reactive-20260916-100324-6387dc,3,True,1682.0,3039.8,3049.1,3049.5,3204.8,3205.5,4099.3,2323.5,19
reactive-20260916-100324-6387dc,4,True,2601.6,4843.0,4852.1,4852.5,5015.4,5016.0,5914.5,3214.4,50
reactive-20260916-100324-6387dc,5,True,1261.9,2924.8,2934.1,2934.4,3086.5,3087.2,3976.3,2625.3,14
reactive-20260916-100324-6387dc,6,True,1841.7,3255.9,3265.4,3265.7,3441.0,3441.7,4342.5,2400.0,28
reactive-20260916-100324-6387dc,7,True,1500.1,3103.4,3112.1,3112.8,3304.5,3305.2,4109.2,2605.1,22
reactive-20260916-100324-6387dc,8,True,1803.1,3184.0,3193.4,3193.7,3353.6,3354.2,4182.1,2351.2,26
reactive-20260916-100324-6387dc,9,True,1344.5,2984.6,2993.7,2994.0,3162.2,3162.9,4025.2,2618.3,13
reactive-20260916-100324-6387dc,10,True,3100.7,4988.5,4997.4,4997.8,5180.6,5181.3,6066.6,2880.6,57
reactive-20260916-100324-6387dc,11,True,3141.7,4953.7,4962.9,4963.3,5121.6,5122.3,5957.3,2780.6,59
reactive-20260916-100324-6387dc,12,True,1780.3,3176.8,3186.2,3186.5,3340.8,3341.4,4152.1,2361.1,31
reactive-20260916-100324-6387dc,13,True,1821.1,3277.6,3286.9,3287.3,-1,-1,3293.1,,30
reactive-20260916-100324-6387dc,14,True,3224.3,5028.4,5037.1,5037.5,5209.4,5210.1,6106.6,2785.7,53
reactive-20260916-100324-6387dc,15,True,2563.1,4785.6,4795.7,4796.0,-1,-1,4796.2,,35
reactive-20260916-100324-6387dc,16,True,2544.8,4816.0,4825.3,4825.6,5003.8,5005.1,5873.8,3260.3,47
reactive-20260916-100324-6387dc,17,True,1260.6,3033.6,3042.8,3043.1,3212.0,3212.6,4095.1,2752.0,16
reactive-20260916-100324-6387dc,18,True,1722.0,3147.5,3156.9,3157.2,3341.2,3341.8,4237.9,2419.9,26
reactive-20260916-100324-6387dc,19,True,1640.9,3022.5,3031.9,3032.6,3239.9,3240.6,4051.3,2399.6,19
reactive-20260916-100324-6387dc,20,True,2582.7,4895.8,4905.0,4905.4,5066.2,5066.9,5867.7,3284.2,50
reactive-20260916-100324-6387dc,21,True,1290.1,2983.1,2992.2,2992.5,3150.5,3151.2,4014.4,2661.0,14
reactive-20260916-100324-6387dc,22,True,1840.7,4723.6,4733.2,4733.6,4883.9,4884.6,5774.9,3843.9,28
reactive-20260916-100324-6387dc,23,True,1482.2,3083.2,3092.1,3092.4,3264.8,3265.4,4119.9,2583.2,22
reactive-20260916-100324-6387dc,24,True,1802.2,3246.5,3255.8,3256.1,3407.1,3407.7,4287.4,2405.5,26
reactive-20260916-100324-6387dc,25,True,1303.0,2958.4,2967.9,2968.2,3129.1,3129.7,3939.1,2626.7,13
reactive-20260916-100324-6387dc,26,True,3123.4,5069.0,5078.1,5078.9,5233.9,5234.5,6117.5,2911.2,57
reactive-20260916-100324-6387dc,27,True,3164.1,5060.6,5070.0,5070.3,5254.7,5255.3,6116.8,2891.3,59
reactive-20260916-100324-6387dc,28,True,1821.0,3249.3,3258.4,3258.8,3422.1,3422.8,4308.0,2401.7,31
reactive-20260916-100324-6387dc,29,True,1444.1,3147.0,3156.0,3156.3,3325.8,3326.5,4226.9,2682.4,30
reactive-20260916-100324-6387dc,30,True,3022.0,4913.6,4922.2,4922.6,5096.1,5097.4,5983.6,2875.4,53
reactive-20260916-100324-6387dc,31,True,2743.5,4783.7,4793.5,4793.9,4952.0,4952.7,5840.7,3009.2,34
reactive-20260916-100324-6387dc,32,True,2594.6,5014.1,5036.5,5037.2,5274.7,5275.2,6165.2,3480.6,47
reactive-20260916-100753-a0f9e6,1,True,1263.3,3354.5,3363.9,3364.2,3582.2,3582.8,4445.7,3119.5,16
reactive-20260916-100753-a0f9e6,2,True,1705.0,3273.3,3283.1,3283.4,3437.9,3438.5,4273.7,2533.5,26
reactive-20260916-100753-a0f9e6,3,True,1681.4,3375.4,3384.6,3384.9,-1,-1,3390.9,,19
reactive-20260916-100753-a0f9e6,4,True,2602.5,5317.2,5326.3,5326.7,5482.8,5483.4,6300.0,3681.0,50
reactive-20260916-100753-a0f9e6,5,True,1263.0,3224.4,3233.9,3234.2,3405.3,3406.0,4212.0,2943.0,14
reactive-20260916-100753-a0f9e6,6,True,1461.9,3329.9,3339.5,3339.8,3494.3,3494.9,4381.8,2833.0,28
reactive-20260916-100753-a0f9e6,7,True,1503.4,3225.1,3234.1,3234.4,3398.8,3400.1,4216.4,2696.7,22
reactive-20260916-100753-a0f9e6,8,True,1801.8,3334.0,3343.7,3344.0,3518.3,3518.9,4375.4,2517.1,26
reactive-20260916-100753-a0f9e6,9,True,1310.0,3175.1,3184.6,3184.9,3344.3,3344.9,4218.8,2834.9,13
reactive-20260916-100753-a0f9e6,10,True,3081.9,5298.8,5309.7,5310.4,5472.4,5473.0,6353.6,3191.2,57
reactive-20260916-100753-a0f9e6,11,True,3122.8,5318.3,5330.2,5330.9,5489.7,5490.5,6350.6,3167.6,59
reactive-20260916-100753-a0f9e6,12,True,1783.2,3286.7,3296.2,3296.5,3468.8,3469.5,4340.9,2486.3,31
reactive-20260916-100753-a0f9e6,13,True,1422.2,3332.7,3342.0,3342.3,3509.4,3510.0,4389.3,2887.8,30
reactive-20260916-100753-a0f9e6,14,True,3221.9,5166.8,5175.8,5176.2,5346.6,5347.2,6232.3,2925.3,53
reactive-20260916-100753-a0f9e6,15,True,2722.3,4987.7,4997.7,4998.0,-1,-1,5004.2,,35
reactive-20260916-100753-a0f9e6,16,True,2539.6,5135.8,5145.0,5145.4,5309.9,5310.5,6121.1,3570.9,47
reactive-20260916-100753-a0f9e6,17,True,1262.8,3201.7,3211.0,3211.3,3398.2,3398.9,4230.9,2936.1,16
reactive-20260916-100753-a0f9e6,18,True,1723.0,3299.8,3309.3,3309.6,3476.6,3477.3,4283.7,2554.3,26
reactive-20260916-100753-a0f9e6,19,True,1642.2,3269.8,3279.5,3279.8,3442.9,3443.5,4303.7,2601.3,19
reactive-20260916-100753-a0f9e6,20,True,2582.7,5157.9,5167.0,5167.4,5317.0,5317.7,6129.1,3535.0,50
reactive-20260916-100753-a0f9e6,21,True,1282.9,3213.6,3222.8,3223.1,3379.2,3379.9,4263.0,2897.0,14
reactive-20260916-100753-a0f9e6,22,True,1840.3,3312.2,3321.6,3321.9,3484.4,3485.1,4291.6,2444.7,28
reactive-20260916-100753-a0f9e6,23,True,1482.9,3163.4,3172.5,3172.8,3339.2,3339.8,4162.1,2656.9,22
reactive-20260916-100753-a0f9e6,24,True,1800.9,3243.8,3253.3,3253.6,3422.2,3422.9,4319.7,2422.0,26
reactive-20260916-100753-a0f9e6,25,True,1303.0,3189.1,3198.7,3199.0,3358.7,3359.4,4174.0,2856.4,13
reactive-20260916-100753-a0f9e6,26,True,3122.1,5251.2,5260.6,5261.0,5437.7,5438.3,6337.4,3116.2,57
reactive-20260916-100753-a0f9e6,27,True,3164.6,5371.5,5380.9,5381.2,5531.4,5532.1,6334.4,3167.4,59
reactive-20260916-100753-a0f9e6,28,True,1820.0,3397.6,3407.0,3407.3,3571.4,3572.1,4405.5,2552.0,31
reactive-20260916-100753-a0f9e6,29,True,1841.0,3425.2,3434.5,3435.2,3594.8,3595.4,4451.7,2554.5,30
reactive-20260916-100753-a0f9e6,30,True,2921.7,5350.3,5359.2,5359.6,5513.7,5514.3,6395.7,3392.6,53
reactive-20260916-100753-a0f9e6,31,True,2741.4,5217.3,5227.5,5227.8,5405.7,5406.4,6253.0,3464.9,34
reactive-20260916-100753-a0f9e6,32,True,2581.8,5318.4,5343.9,5344.3,5516.1,5516.8,6394.9,3735.0,47
reactive-20260916-101220-2ae5ed,1,True,1263.0,3178.7,3188.2,3188.5,3422.0,3422.5,4268.9,2959.6,16
reactive-20260916-101220-2ae5ed,2,True,1703.2,3298.5,3308.3,3308.6,3478.4,3479.0,4288.6,2575.8,26
reactive-20260916-101220-2ae5ed,3,True,1682.3,3201.5,3210.8,3211.2,3359.1,3359.8,4194.8,2477.5,19
reactive-20260916-101220-2ae5ed,4,True,2602.0,5042.4,5051.4,5051.8,5216.1,5216.8,6096.8,3414.8,50
reactive-20260916-101220-2ae5ed,5,True,1261.5,3042.4,3053.9,3054.5,3221.0,3221.6,4049.2,2760.1,14
reactive-20260916-101220-2ae5ed,6,True,1841.7,3351.5,3361.1,3361.4,3518.4,3519.0,4409.9,2477.3,28
reactive-20260916-101220-2ae5ed,7,True,1503.0,3139.1,3148.0,3148.3,3318.1,3318.7,4169.6,2615.7,22
reactive-20260916-101220-2ae5ed,8,True,1840.8,3363.4,3372.7,3373.1,3560.1,3560.7,4441.2,2520.0,26
reactive-20260916-101220-2ae5ed,9,True,1351.0,3077.7,3087.1,3087.4,3240.2,3240.8,4079.5,2689.8,13
reactive-20260916-101220-2ae5ed,10,True,3080.7,5172.0,5181.0,5181.4,5339.7,5340.4,6198.8,3059.7,57
reactive-20260916-101220-2ae5ed,11,True,3124.2,5124.4,5134.1,5134.4,5291.8,5292.4,6189.8,2968.2,59
reactive-20260916-101220-2ae5ed,12,True,1780.5,3282.4,3291.7,3292.1,3448.3,3449.0,4281.2,2468.5,31
reactive-20260916-101220-2ae5ed,13,True,1821.0,3316.9,3326.0,3326.4,-1,-1,3326.5,,30
reactive-20260916-101220-2ae5ed,14,True,3183.3,5022.2,5031.3,5031.7,5207.3,5207.9,6057.4,2824.6,53
reactive-20260916-101220-2ae5ed,15,True,2725.8,5005.7,5015.8,5016.1,-1,-1,5016.3,,35
reactive-20260916-101220-2ae5ed,16,True,2547.3,4932.9,4942.1,4942.5,-1,-1,4948.4,,47
reactive-20260916-101220-2ae5ed,17,True,1261.1,3104.1,3113.4,3113.7,3264.3,3264.9,4159.8,2803.9,16
reactive-20260916-101220-2ae5ed,18,True,1719.6,3215.4,3225.0,3225.3,3393.4,3394.1,4201.0,2474.5,26
reactive-20260916-101220-2ae5ed,19,True,1643.2,3200.6,3210.1,3210.4,-1,-1,3210.6,,19
reactive-20260916-101220-2ae5ed,20,True,2582.8,4996.7,5006.1,5006.5,5174.2,5174.9,6037.8,3392.1,50
reactive-20260916-101220-2ae5ed,21,True,1289.8,3016.0,3025.2,3025.5,3183.9,3184.5,3988.8,2694.7,14
reactive-20260916-101220-2ae5ed,22,True,1840.1,3335.3,3345.0,3345.3,3505.2,3505.8,4325.4,2465.7,28
reactive-20260916-101220-2ae5ed,23,True,1490.7,3130.2,3139.0,3139.3,3306.7,3307.3,4184.5,2616.6,22
reactive-20260916-101220-2ae5ed,24,True,1800.5,3219.7,3229.1,3229.5,3386.9,3387.6,4256.7,2387.1,26
reactive-20260916-101220-2ae5ed,25,True,1300.8,3158.6,3168.1,3168.4,3328.9,3329.5,4211.9,2828.7,13
reactive-20260916-101220-2ae5ed,26,True,3081.6,5051.1,5060.7,5061.1,5229.0,5229.6,6103.1,2948.0,57
reactive-20260916-101220-2ae5ed,27,True,3167.7,5092.0,5101.6,5101.9,5260.4,5261.1,6095.2,2893.3,59
reactive-20260916-101220-2ae5ed,28,True,1819.9,3246.5,3255.7,3256.0,3413.3,3413.9,4277.0,2394.0,31
reactive-20260916-101220-2ae5ed,29,True,1443.1,3216.7,3226.0,3226.3,-1,-1,3226.4,,30
reactive-20260916-101220-2ae5ed,30,True,3063.9,5051.5,5060.3,5060.7,5214.5,5215.2,6113.6,2951.3,53
reactive-20260916-101220-2ae5ed,31,True,2742.4,4871.4,4881.4,4881.8,5047.8,5048.5,5938.5,3106.0,34
reactive-20260916-101220-2ae5ed,32,True,2582.6,5207.8,5232.1,5232.4,5421.0,5421.6,6261.2,3639.1,47
reactive-20260916-101535-dbd21e,1,True,1262.4,3383.1,3726.1,4153.2,4404.5,4405.1,5301.4,3942.7,16
reactive-20260916-101535-dbd21e,2,True,1701.8,3329.5,3476.1,4145.4,3979.1,3979.7,5178.8,3077.9,26
reactive-20260916-101535-dbd21e,3,True,1680.3,3291.7,3439.1,4103.9,4233.3,4234.0,5204.9,3353.7,19
reactive-20260916-101535-dbd21e,4,True,2603.3,5348.2,5499.1,6100.5,5972.6,5973.2,7112.6,4169.8,50
reactive-20260916-101535-dbd21e,5,True,1262.3,3242.7,3402.3,3776.2,3722.9,3723.5,4743.0,3261.2,14
reactive-20260916-101535-dbd21e,6,True,1841.4,3472.1,3612.1,4110.6,4033.3,4034.0,5107.5,2992.5,28
reactive-20260916-101535-dbd21e,7,True,1502.3,3398.8,3542.8,3872.3,4058.1,4058.7,4874.1,3356.4,22
reactive-20260916-101535-dbd21e,8,True,1804.1,3445.5,3584.7,4377.7,4106.6,4107.2,5549.9,3103.2,26
reactive-20260916-101535-dbd21e,9,True,1301.8,3292.3,3450.0,4115.7,3671.6,3672.1,5083.6,3170.3,13
reactive-20260916-101535-dbd21e,10,True,3080.8,5325.7,5472.7,5972.9,6015.8,6016.6,6906.8,3735.8,57
reactive-20260916-101535-dbd21e,11,True,3129.3,5202.9,5348.0,6271.7,5777.4,5778.0,7313.3,3448.8,59
reactive-20260916-101535-dbd21e,12,True,1780.7,3288.6,3429.5,4228.2,3929.6,3930.5,5290.2,2949.8,31
reactive-20260916-101535-dbd21e,13,True,1821.2,3375.1,3519.5,4217.8,3822.6,3823.3,5140.2,2802.0,30
reactive-20260916-101535-dbd21e,14,True,3224.2,5087.0,5232.6,6088.7,5593.3,5594.0,7179.7,3169.7,53
reactive-20260916-101535-dbd21e,15,True,2722.4,5183.4,5329.6,6052.8,5727.4,5728.0,7227.9,3805.6,35
reactive-20260916-101535-dbd21e,16,True,2542.3,5170.4,5314.8,5649.2,5743.6,5744.3,6644.5,4002.0,47
reactive-20260916-101535-dbd21e,17,True,1260.7,3252.5,3390.4,3953.7,4073.5,4074.3,5079.7,3613.6,16
reactive-20260916-101535-dbd21e,18,True,1723.2,3331.2,3471.2,4284.3,3912.5,3913.1,5428.1,2989.9,26
reactive-20260916-101535-dbd21e,19,True,1639.8,3299.5,3402.7,4068.2,4213.3,4214.1,5131.4,3374.3,19
reactive-20260916-101535-dbd21e,20,True,2583.7,5281.8,5428.5,6184.4,5920.0,5920.7,7264.5,4137.0,50
reactive-20260916-101535-dbd21e,21,True,1282.9,3169.6,3322.4,3690.9,3601.7,3602.3,4697.5,3119.4,14
reactive-20260916-101535-dbd21e,22,True,1840.2,3405.9,3543.5,4046.8,3963.8,3964.4,5033.8,2924.3,28
reactive-20260916-101535-dbd21e,23,True,1483.1,3213.1,3349.4,3928.5,3807.5,3808.2,4916.5,3125.1,22
reactive-20260916-101535-dbd21e,24,True,1801.6,3387.2,3487.8,4224.5,3828.2,3828.9,5295.8,2827.3,26
reactive-20260916-101535-dbd21e,25,True,1301.5,3259.5,3360.2,4151.0,3579.5,3580.0,5138.9,3078.5,13
reactive-20260916-101535-dbd21e,26,True,3122.6,5237.8,5383.7,5818.4,5904.8,5905.6,6821.3,3583.0,57
reactive-20260916-101535-dbd21e,27,True,3162.4,5314.7,5459.1,6355.1,5876.3,5876.9,7344.1,3514.5,59
reactive-20260916-101535-dbd21e,28,True,1821.7,3346.5,3483.8,4088.0,4020.4,4021.1,5110.9,2999.4,31
reactive-20260916-101535-dbd21e,29,True,1842.8,3366.0,3504.7,4374.1,4014.6,4015.2,5351.2,2972.4,30
reactive-20260916-101535-dbd21e,30,True,3182.8,5191.6,5290.4,6170.4,5839.4,5840.1,7247.8,3457.3,53
reactive-20260916-101535-dbd21e,31,True,2743.3,5061.2,5202.9,5870.5,5688.6,5689.2,6929.2,3745.9,34
reactive-20260916-101535-dbd21e,32,True,2582.6,5173.4,5304.9,6071.5,5816.7,5817.4,7140.9,4034.9,47
reactive-20260916-103039-f29203,1,True,1262.5,3068.3,3077.8,3078.1,3304.3,3304.9,4151.9,2842.4,16
reactive-20260916-103039-f29203,2,True,1701.6,3162.5,3172.4,3172.7,3333.9,3334.6,4160.5,2433.0,26
reactive-20260916-103039-f29203,3,True,1680.9,3081.1,3090.5,3090.8,-1,-1,3096.8,,19
reactive-20260916-103039-f29203,4,True,2602.1,4806.3,4815.4,4815.8,-1,-1,4815.9,,50
reactive-20260916-103039-f29203,5,True,1260.3,2975.4,2985.3,2985.6,3147.3,3147.9,3966.2,2687.6,14
reactive-20260916-103039-f29203,6,True,1855.0,4579.5,4589.0,4589.3,4757.4,4758.1,5651.4,3703.1,28
reactive-20260916-103039-f29203,7,True,1503.4,3051.5,3060.3,3060.6,3232.7,3234.0,4107.7,2530.6,22
reactive-20260916-103039-f29203,8,True,1803.5,4557.9,4567.5,4567.9,4731.8,4732.5,5600.7,3728.9,26
reactive-20260916-103039-f29203,9,True,1342.1,2998.5,3007.9,3008.2,3167.3,3167.9,4032.5,2625.8,13
reactive-20260916-103039-f29203,10,True,3101.3,5002.6,5011.6,5011.9,5164.2,5164.8,5966.8,2863.5,57
reactive-20260916-103039-f29203,11,True,3122.0,4985.8,4995.4,4995.7,5156.8,5157.4,6043.7,2835.4,59
reactive-20260916-103039-f29203,12,True,1781.1,3187.4,3196.8,3197.1,3349.4,3350.1,4236.2,2368.9,31
reactive-20260916-103039-f29203,13,True,1860.7,3283.7,3292.7,3293.3,3451.4,3452.1,4312.1,2391.4,30
reactive-20260916-103039-f29203,14,True,3223.6,4897.5,4906.1,4906.4,5067.9,5068.6,5927.3,2645.0,53
reactive-20260916-103039-f29203,15,True,2724.4,4794.9,4804.8,4805.1,4964.4,4965.1,5799.9,3040.7,35
reactive-20260916-103039-f29203,16,True,2542.3,4820.2,4829.6,4829.9,4994.0,4994.7,5812.7,3252.3,47
reactive-20260916-103039-f29203,17,True,1262.0,2987.9,2997.2,2997.5,3150.9,3151.6,4032.2,2689.6,16
reactive-20260916-103039-f29203,18,True,1720.5,3129.7,3139.0,3139.3,3293.5,3294.1,4182.3,2373.6,26
reactive-20260916-103039-f29203,19,True,1661.8,3097.4,3106.9,3107.2,3260.1,3260.8,4091.3,2398.9,19
reactive-20260916-103039-f29203,20,True,2582.5,4877.3,4886.7,4887.0,5046.3,5047.0,5920.1,3264.5,50
reactive-20260916-103039-f29203,21,True,1294.4,3039.1,3048.5,3048.8,3209.4,3210.0,4071.2,2715.6,14
reactive-20260916-103039-f29203,22,True,1840.3,3244.8,3254.3,3254.9,3415.8,3416.4,4308.8,2376.0,28
reactive-20260916-103039-f29203,23,True,1462.7,3005.0,3013.9,3014.2,3170.4,3171.1,3977.6,2508.4,22
reactive-20260916-103039-f29203,24,True,1800.9,3237.6,3247.2,3247.5,3409.2,3409.8,4264.3,2408.9,26
reactive-20260916-103039-f29203,25,True,1301.6,2962.6,2971.9,2972.2,3142.0,3142.7,4026.5,2641.1,13
reactive-20260916-103039-f29203,26,True,3123.6,5052.2,5061.2,5061.5,5220.0,5220.7,6110.1,2897.1,57
reactive-20260916-103039-f29203,27,True,3163.9,5033.1,5042.7,5043.1,5207.0,5207.7,6107.4,2843.8,59
reactive-20260916-103039-f29203,28,True,1819.8,4404.1,4413.0,4413.3,4891.5,4892.1,5701.9,3872.3,31
reactive-20260916-103039-f29203,29,True,1840.9,3238.6,3247.5,3247.8,3420.8,3421.4,4310.1,2380.5,30
reactive-20260916-103039-f29203,30,True,3022.6,4908.3,4917.4,4917.7,5073.3,5073.9,5964.5,2851.4,53
reactive-20260916-103039-f29203,31,True,2742.6,4817.7,4827.8,4828.1,4974.7,4975.3,5808.7,3032.7,34
reactive-20260916-103039-f29203,32,True,2581.5,5007.7,5030.3,5030.6,5226.4,5227.0,6058.0,3445.5,47
reactive-20260916-103454-9447ef,1,True,1262.4,3303.5,3313.2,3313.5,3541.8,3542.4,4401.4,3080.0,16
reactive-20260916-103454-9447ef,2,True,1623.2,3322.6,3332.6,3332.9,3509.7,3510.3,4392.8,2687.1,26
reactive-20260916-103454-9447ef,3,True,1683.2,3282.2,3291.8,3292.1,3448.4,3449.0,4311.1,2565.9,19
reactive-20260916-103454-9447ef,4,True,2602.6,5306.9,5316.2,5316.5,5470.9,5471.5,6308.2,3669.0,50
reactive-20260916-103454-9447ef,5,True,1261.8,3306.9,3316.5,3317.2,3478.7,3479.4,4333.1,3017.6,14
reactive-20260916-103454-9447ef,6,True,1685.1,3299.6,3309.3,3309.6,3473.3,3474.0,4344.7,2588.9,28
reactive-20260916-103454-9447ef,7,True,1503.4,3168.7,3178.5,3179.2,3344.1,3344.8,4192.5,2641.3,22
reactive-20260916-103454-9447ef,8,True,1801.0,3250.0,3259.5,3260.2,-1,-1,3260.4,,26
reactive-20260916-103454-9447ef,9,True,1344.1,3158.4,3167.6,3167.9,3323.3,3324.0,4209.7,2779.9,13
reactive-20260916-103454-9447ef,10,True,3082.6,5172.6,5181.7,5182.2,5354.2,5354.9,6163.0,3072.3,57
reactive-20260916-103454-9447ef,11,True,3121.8,5130.5,5140.1,5140.5,5299.6,5300.2,6166.6,2978.4,59
reactive-20260916-103454-9447ef,12,True,1781.7,3302.9,3312.3,3312.7,3478.1,3478.8,4357.3,2497.1,31
reactive-20260916-103454-9447ef,13,True,1819.4,3361.2,3370.4,3370.8,3538.6,3539.3,4409.7,2519.8,30
reactive-20260916-103454-9447ef,14,True,3222.4,5024.3,5033.3,5033.7,-1,-1,5033.8,,53
reactive-20260916-103454-9447ef,15,True,2723.0,4993.9,5003.8,5004.2,5181.6,5182.2,6018.7,3259.3,35
reactive-20260916-103454-9447ef,16,True,2543.3,5027.9,5037.0,5037.4,5187.3,5188.0,6048.5,3444.7,47
reactive-20260916-103454-9447ef,17,True,1265.1,3137.6,3146.8,3147.2,3300.2,3300.8,4165.5,2835.7,16
reactive-20260916-103454-9447ef,18,True,1721.4,3226.5,3236.0,3236.3,3402.4,3403.1,4207.4,2481.7,26
reactive-20260916-103454-9447ef,19,True,1643.1,3214.5,3224.1,3224.5,3376.9,3377.6,4213.9,2534.5,19
reactive-20260916-103454-9447ef,20,True,2583.6,5095.5,5105.3,5105.7,5251.3,5251.9,6137.1,3468.4,50
reactive-20260916-103454-9447ef,21,True,1281.1,3074.9,3084.2,3084.5,3246.7,3247.4,4068.7,2766.3,14
reactive-20260916-103454-9447ef,22,True,1842.1,3303.5,3313.0,3313.3,3480.8,3481.5,4327.6,2439.4,28
reactive-20260916-103454-9447ef,23,True,1482.5,3114.7,3123.5,3123.8,3298.5,3299.2,4101.8,2616.7,22
reactive-20260916-103454-9447ef,24,True,1800.3,3303.1,3312.5,3312.8,3459.5,3460.2,4273.4,2459.9,26
reactive-20260916-103454-9447ef,25,True,1302.8,3105.4,3114.9,3115.2,3291.9,3292.5,4133.7,2789.7,13
reactive-20260916-103454-9447ef,26,True,3121.7,5113.0,5122.0,5122.4,5291.0,5291.7,6136.8,2970.0,57
reactive-20260916-103454-9447ef,27,True,3161.3,5042.9,5052.4,5052.8,5210.4,5211.0,6045.2,2849.7,59
reactive-20260916-103454-9447ef,28,True,1820.6,3289.6,3298.8,3299.1,3464.2,3464.8,4334.7,2444.2,31
reactive-20260916-103454-9447ef,29,True,1441.2,3203.9,3213.0,3213.3,3368.0,3368.7,4169.8,2727.4,30
reactive-20260916-103454-9447ef,30,True,2922.7,5040.8,5050.4,5050.9,5223.2,5224.0,6025.6,3101.3,53
reactive-20260916-103454-9447ef,31,True,2742.5,4945.5,4955.5,4955.9,5112.9,5113.6,5970.8,3171.1,34
reactive-20260916-103454-9447ef,32,True,2581.5,5215.2,5239.7,5240.0,5434.7,5435.3,6299.1,3653.8,47
reactive-20260916-103930-b12577,1,True,1261.0,3027.4,3036.9,3037.2,3265.8,3266.4,4139.9,2805.4,16
reactive-20260916-103930-b12577,2,True,1703.8,3238.1,3247.9,3248.3,3414.6,3415.9,4293.0,2512.1,26
reactive-20260916-103930-b12577,3,True,1683.8,3103.2,3112.8,3113.1,3285.1,3285.8,4134.8,2402.0,19
reactive-20260916-103930-b12577,4,True,2608.1,5190.8,5200.0,5200.3,5339.6,5340.3,6153.5,3532.2,50
reactive-20260916-103930-b12577,5,True,1270.4,3047.0,3056.4,3056.7,3227.8,3228.4,4105.0,2758.1,14
reactive-20260916-103930-b12577,6,True,1841.3,3302.1,3311.9,3312.2,3475.2,3475.9,4284.7,2434.5,28
reactive-20260916-103930-b12577,7,True,1503.1,3178.2,3187.0,3187.3,3342.6,3343.3,4150.4,2640.2,22
reactive-20260916-103930-b12577,8,True,1840.8,3288.0,3297.4,3297.8,3458.0,3458.6,4317.2,2417.8,26
reactive-20260916-103930-b12577,9,True,1342.8,3041.8,3051.1,3051.4,3210.1,3210.7,4069.7,2667.9,13
reactive-20260916-103930-b12577,10,True,3108.0,5075.4,5084.5,5084.9,5235.9,5236.5,6128.3,2928.6,57
reactive-20260916-103930-b12577,11,True,3122.7,5068.1,5077.9,5078.2,5233.8,5234.4,6110.3,2911.7,59
reactive-20260916-103930-b12577,12,True,1781.9,3246.3,3255.6,3256.0,3415.7,3416.4,4298.6,2434.4,31
reactive-20260916-103930-b12577,13,True,1820.8,3333.5,3342.9,3343.3,-1,-1,3349.2,,30
reactive-20260916-103930-b12577,14,True,3181.0,5027.5,5036.8,5037.1,5189.5,5190.2,6074.9,2809.1,53
reactive-20260916-103930-b12577,15,True,2722.0,4814.5,4824.4,4824.8,4994.4,4995.1,5838.7,3073.1,35
reactive-20260916-103930-b12577,16,True,2542.7,4863.8,4872.9,4873.2,5029.3,5029.9,5863.7,3287.3,47
reactive-20260916-103930-b12577,17,True,1261.1,3102.2,3111.7,3112.0,3290.5,3291.2,4176.9,2830.0,16
reactive-20260916-103930-b12577,18,True,1722.2,3182.7,3192.2,3192.5,3347.4,3348.0,4224.0,2425.8,26
reactive-20260916-103930-b12577,19,True,1643.2,3158.2,3167.9,3168.2,3320.1,3320.8,4127.2,2477.6,19
reactive-20260916-103930-b12577,20,True,2583.6,4990.4,4999.7,5000.0,5158.7,5159.4,6045.8,3375.8,50
reactive-20260916-103930-b12577,21,True,1280.4,3082.3,3091.6,3092.0,3265.9,3266.6,4077.4,2786.2,14
reactive-20260916-103930-b12577,22,True,1840.2,3337.2,3346.7,3347.0,3499.6,3500.3,4336.7,2460.1,28
reactive-20260916-103930-b12577,23,True,1480.7,3108.3,3117.0,3117.4,3281.9,3282.5,4110.0,2601.8,22
reactive-20260916-103930-b12577,24,True,1799.8,3266.4,3275.9,3276.2,-1,-1,3282.2,,26
reactive-20260916-103930-b12577,25,True,1303.4,3130.1,3139.9,3140.2,3298.9,3299.5,4129.9,2796.1,13
reactive-20260916-103930-b12577,26,True,3121.7,5040.1,5049.6,5049.9,5208.2,5209.6,6099.6,2887.9,57
reactive-20260916-103930-b12577,27,True,3163.6,5111.5,5120.9,5121.3,5349.3,5350.0,6198.4,2986.4,59
reactive-20260916-103930-b12577,28,True,1820.8,3209.2,3218.2,3218.6,3383.2,3383.8,4190.3,2363.0,31
reactive-20260916-103930-b12577,29,True,1841.0,3290.8,3299.9,3300.3,3467.7,3468.4,4325.9,2427.4,30
reactive-20260916-103930-b12577,30,True,3062.0,4862.0,4870.9,4871.3,5038.0,5038.6,5926.6,2776.6,53
reactive-20260916-103930-b12577,31,True,2741.0,4767.7,4777.8,4778.1,4939.9,4940.6,5762.4,2999.6,34
reactive-20260916-103930-b12577,32,True,2581.6,4973.9,4996.2,4996.5,5196.0,5196.6,6076.2,3415.0,47
reactive-20260916-104411-2669f0,1,True,1262.0,2999.4,3009.9,3010.2,3238.0,3238.6,4091.7,2776.6,16
reactive-20260916-104411-2669f0,2,True,1701.1,3089.1,3098.8,3099.1,3261.0,3261.6,4158.4,2360.5,26
reactive-20260916-104411-2669f0,3,True,1681.2,3105.2,3114.7,3115.0,3287.9,3288.6,4180.2,2407.4,19
reactive-20260916-104411-2669f0,4,True,2603.3,4841.1,4850.4,4850.7,5032.7,5033.4,5885.4,3230.1,50
reactive-20260916-104411-2669f0,5,True,1262.1,3000.5,3010.0,3010.4,3162.1,3162.8,4028.9,2700.7,14
reactive-20260916-104411-2669f0,6,True,1842.0,3219.7,3232.1,3232.4,3391.4,3392.1,4201.1,2350.1,28
reactive-20260916-104411-2669f0,7,True,1461.0,3090.9,3100.3,3101.0,3281.1,3281.8,4166.3,2620.8,22
reactive-20260916-104411-2669f0,8,True,1799.9,3254.7,3264.5,3264.9,3427.5,3428.2,4250.1,2428.3,26
reactive-20260916-104411-2669f0,9,True,1344.1,3009.5,3019.0,3019.3,3180.7,3181.3,4004.9,2637.2,13
reactive-20260916-104411-2669f0,10,True,3083.7,5029.8,5039.2,5039.5,5200.6,5201.3,6058.4,2917.7,57
reactive-20260916-104411-2669f0,11,True,3123.4,4928.3,4937.9,4938.2,5087.3,5088.0,5958.4,2764.5,59
reactive-20260916-104411-2669f0,12,True,1781.9,3173.4,3183.1,3183.4,3341.8,3342.5,4243.2,2360.6,31
reactive-20260916-104411-2669f0,13,True,1861.3,3281.0,3292.3,3292.9,3448.2,3448.9,4293.9,2387.6,30
reactive-20260916-104411-2669f0,14,True,3223.0,4967.7,4976.8,4977.2,5142.5,5143.2,6021.8,2720.1,53
reactive-20260916-104411-2669f0,15,True,2723.4,4787.4,4797.7,4798.0,4955.3,4956.0,5804.4,3032.7,35
reactive-20260916-104411-2669f0,16,True,2549.7,4936.3,4945.7,4946.0,5119.2,5119.9,5937.4,3370.1,47
reactive-20260916-104411-2669f0,17,True,1270.2,2991.5,3000.9,3001.2,3164.2,3164.8,4050.2,2694.6,16
reactive-20260916-104411-2669f0,18,True,1721.0,3149.9,3159.4,3159.7,3309.1,3309.8,4192.1,2388.8,26
reactive-20260916-104411-2669f0,19,True,1640.0,3090.7,3101.0,3101.5,3272.5,3273.2,4120.1,2433.2,19
reactive-20260916-104411-2669f0,20,True,2583.3,4914.4,4923.9,4924.2,5083.6,5084.3,5942.5,3301.0,50
reactive-20260916-104411-2669f0,21,True,1280.9,2990.6,2999.9,3000.2,3155.9,3156.6,3976.5,2675.7,14
reactive-20260916-104411-2669f0,22,True,1842.9,4362.4,4371.9,4372.2,4746.4,4747.1,5642.1,3704.2,28
reactive-20260916-104411-2669f0,23,True,1482.0,3079.5,3091.1,3091.4,3251.3,3252.0,4107.2,2569.9,22
reactive-20260916-104411-2669f0,24,True,1801.5,3221.7,3231.2,3231.5,3385.8,3386.5,4269.1,2385.0,26
reactive-20260916-104411-2669f0,25,True,1301.8,2982.3,2991.9,2992.2,3137.3,3137.9,4021.0,2636.1,13
reactive-20260916-104411-2669f0,26,True,3123.0,4914.3,4923.4,4923.7,5079.8,5080.5,5900.7,2757.5,57
reactive-20260916-104411-2669f0,27,True,3162.1,4993.9,5003.4,5003.8,5156.5,5157.2,5989.5,2795.1,59
reactive-20260916-104411-2669f0,28,True,1823.0,3237.6,3246.9,3247.2,3403.8,3404.5,4265.9,2381.5,31
reactive-20260916-104411-2669f0,29,True,1842.4,3290.7,3299.9,3300.2,3467.4,3468.0,4320.3,2425.6,30
reactive-20260916-104411-2669f0,30,True,3063.8,4916.0,4925.0,4925.3,5092.9,5093.5,5897.5,2829.6,53
reactive-20260916-104411-2669f0,31,True,2742.8,4782.8,4793.0,4793.4,4956.1,4956.8,5811.2,3014.0,34
reactive-20260916-104411-2669f0,32,True,2583.7,4973.6,4996.3,4996.7,5166.9,5167.6,6046.6,3383.8,47
reactive-20260916-104828-eab421,1,True,1263.2,3307.4,3319.2,3319.9,3541.4,3542.0,4401.3,3078.7,16
reactive-20260916-104828-eab421,2,True,1624.3,3307.4,3317.3,3317.6,3479.8,3480.5,4284.3,2656.2,26
reactive-20260916-104828-eab421,3,True,1682.3,3433.2,3442.9,3443.2,3607.4,3608.0,4494.4,2725.7,19
reactive-20260916-104828-eab421,4,True,2602.7,5417.0,5426.1,5426.5,5583.5,5584.9,6481.3,3782.1,50
reactive-20260916-104828-eab421,5,True,1264.4,3209.4,3219.0,3219.3,-1,-1,3219.4,,14
reactive-20260916-104828-eab421,6,True,1841.3,3362.1,3371.6,3371.9,3552.5,3553.2,4399.2,2511.9,28
reactive-20260916-104828-eab421,7,True,1500.7,3277.5,3286.4,3286.8,3442.2,3442.8,4269.8,2742.1,22
reactive-20260916-104828-eab421,8,True,1801.7,3289.0,3298.7,3299.1,3455.9,3456.5,4354.0,2454.8,26
reactive-20260916-104828-eab421,9,True,1343.9,3182.2,3191.4,3191.7,-1,-1,3191.9,,13
reactive-20260916-104828-eab421,10,True,3083.2,5139.8,5148.9,5149.2,5316.5,5317.2,6163.2,3034.0,57
reactive-20260916-104828-eab421,11,True,3142.3,5323.7,5335.3,5336.0,5487.0,5487.6,6372.7,3145.4,59
reactive-20260916-104828-eab421,12,True,1781.2,3277.0,3286.3,3286.6,3456.0,3456.7,4264.2,2475.5,31
reactive-20260916-104828-eab421,13,True,1862.3,3392.0,3401.1,3401.5,3542.2,3542.8,4415.0,2480.5,30
reactive-20260916-104828-eab421,14,True,3223.3,5171.5,5180.1,5180.4,5326.4,5327.0,6144.1,2903.7,53
reactive-20260916-104828-eab421,15,True,2721.7,5000.1,5010.2,5010.6,-1,-1,5016.8,,35
reactive-20260916-104828-eab421,16,True,2542.7,4992.2,5001.4,5001.7,5157.7,5158.4,6048.3,3415.7,47
reactive-20260916-104828-eab421,17,True,1261.7,3210.9,3220.2,3220.5,3366.0,3366.7,4171.2,2905.0,16
reactive-20260916-104828-eab421,18,True,1723.1,3289.8,3299.3,3299.6,3454.4,3455.1,4314.7,2532.0,26
reactive-20260916-104828-eab421,19,True,1642.8,3225.5,3235.0,3235.3,3378.1,3378.8,4213.1,2536.0,19
reactive-20260916-104828-eab421,20,True,2584.1,5168.1,5180.2,5180.5,5348.3,5348.9,6246.5,3564.9,50
reactive-20260916-104828-eab421,21,True,1283.2,3137.9,3147.2,3147.5,3315.3,3315.9,4189.2,2832.8,14
reactive-20260916-104828-eab421,22,True,1841.1,3366.6,3376.0,3376.4,3539.2,3540.5,4425.7,2499.4,28
reactive-20260916-104828-eab421,23,True,1480.9,3125.3,3134.2,3134.5,3284.3,3285.6,4095.6,2604.8,22
reactive-20260916-104828-eab421,24,True,1802.0,3289.4,3299.3,3299.7,3452.1,3452.8,4271.2,2450.8,26
reactive-20260916-104828-eab421,25,True,1301.3,3133.0,3142.4,3142.7,3300.7,3301.3,4117.5,2800.1,13
reactive-20260916-104828-eab421,26,True,3121.7,5193.9,5202.9,5203.3,5364.1,5364.8,6216.7,3043.1,57
reactive-20260916-104828-eab421,27,True,3164.7,5272.0,5281.3,5281.6,5434.6,5435.3,6242.7,3070.5,59
reactive-20260916-104828-eab421,28,True,1821.1,3326.1,3335.3,3335.6,3492.0,3492.7,4310.3,2471.6,31
reactive-20260916-104828-eab421,29,True,1442.2,3209.7,3218.8,3219.1,3393.2,3393.9,4263.1,2751.6,30
reactive-20260916-104828-eab421,30,True,3023.3,5200.5,5209.3,5209.7,5376.5,5377.2,6200.4,3153.9,53
reactive-20260916-104828-eab421,31,True,2742.2,5046.5,5056.4,5056.7,5219.7,5220.3,6069.6,3278.2,34
reactive-20260916-104828-eab421,32,True,2581.6,5375.2,5400.9,5401.2,-1,-1,5401.5,,47
reactive-20260916-105309-7dc19e,1,True,1263.0,3315.5,3325.0,3325.3,3556.0,3556.5,4408.9,3093.5,16
reactive-20260916-105309-7dc19e,2,True,1622.2,3260.3,3270.3,3270.7,3438.2,3438.8,4294.3,2616.6,26
reactive-20260916-105309-7dc19e,3,True,1683.0,3277.5,3287.0,3287.4,3442.7,3443.4,4306.4,2560.4,19
reactive-20260916-105309-7dc19e,4,True,2602.8,4958.6,4968.0,4968.4,5127.6,5128.3,6016.8,3325.5,50
reactive-20260916-105309-7dc19e,5,True,1261.6,3115.2,3124.7,3125.0,3292.6,3293.3,4156.1,2831.7,14
reactive-20260916-105309-7dc19e,6,True,1843.0,3329.1,3338.7,3339.0,3489.2,3489.8,4329.0,2446.8,28
reactive-20260916-105309-7dc19e,7,True,1502.2,3233.4,3242.0,3242.4,3413.3,3414.0,4305.6,2711.8,22
reactive-20260916-105309-7dc19e,8,True,1803.1,3323.9,3333.5,3334.1,3493.2,3493.8,4372.3,2490.7,26
reactive-20260916-105309-7dc19e,9,True,1344.4,3153.8,3163.0,3163.3,3321.4,3322.1,4128.3,2777.7,13
reactive-20260916-105309-7dc19e,10,True,3083.0,5086.0,5095.1,5095.5,5263.8,5264.5,6074.8,2981.5,57
reactive-20260916-105309-7dc19e,11,True,3122.1,5150.3,5159.9,5160.2,5319.4,5320.0,6180.0,2997.9,59
reactive-20260916-105309-7dc19e,12,True,1782.2,3267.2,3276.5,3276.8,3446.5,3447.2,4258.7,2465.0,31
reactive-20260916-105309-7dc19e,13,True,1822.0,3309.2,3318.7,3319.0,3468.7,3469.4,4316.1,2447.4,30
reactive-20260916-105309-7dc19e,14,True,3229.7,5199.7,5208.6,5209.4,5353.0,5353.7,6246.6,2923.9,53
reactive-20260916-105309-7dc19e,15,True,2722.0,4967.4,4978.3,4978.6,5142.7,5143.4,6025.1,3221.4,35
reactive-20260916-105309-7dc19e,16,True,2542.0,4997.7,5007.0,5007.6,5178.0,5178.6,6052.5,3436.6,47
reactive-20260916-105309-7dc19e,17,True,1262.3,3193.4,3202.7,3203.0,3361.1,3361.8,4169.5,2899.5,16
reactive-20260916-105309-7dc19e,18,True,1721.3,3190.9,3200.3,3200.6,3358.4,3359.1,4237.0,2437.8,26
reactive-20260916-105309-7dc19e,19,True,1642.1,3151.9,3161.5,3161.8,3323.7,3324.3,4222.4,2482.3,19
reactive-20260916-105309-7dc19e,20,True,2581.4,5029.1,5038.5,5038.9,5215.2,5215.9,6028.6,3434.5,50
reactive-20260916-105309-7dc19e,21,True,1281.6,3107.6,3116.8,3117.1,3289.5,3290.2,4167.7,2808.6,14
reactive-20260916-105309-7dc19e,22,True,1840.9,3302.4,3311.9,3312.2,3465.4,3466.1,4307.9,2425.1,28
reactive-20260916-105309-7dc19e,23,True,1481.2,3136.5,3145.4,3145.7,3313.8,3314.5,4185.6,2633.3,22
reactive-20260916-105309-7dc19e,24,True,1800.5,3246.4,3255.8,3256.2,3438.0,3438.7,4252.9,2438.2,26
reactive-20260916-105309-7dc19e,25,True,1313.8,3104.8,3114.3,3114.6,-1,-1,3120.6,,13
reactive-20260916-105309-7dc19e,26,True,3123.0,4971.5,4980.4,4980.8,5145.4,5146.1,6016.6,2823.2,57
reactive-20260916-105309-7dc19e,27,True,3164.9,5147.0,5156.5,5156.8,5323.6,5324.3,6224.0,2959.4,59
reactive-20260916-105309-7dc19e,28,True,1820.5,3312.6,3321.9,3322.2,3473.7,3474.4,4302.0,2454.0,31
reactive-20260916-105309-7dc19e,29,True,1443.5,3177.4,3186.7,3187.0,3336.9,3337.5,4234.7,2694.0,30
reactive-20260916-105309-7dc19e,30,True,3022.8,4953.1,4962.1,4962.5,-1,-1,4968.1,,53
reactive-20260916-105309-7dc19e,31,True,2742.2,4912.1,4922.0,4922.3,5083.8,5084.5,5943.1,3142.2,34
reactive-20260916-105309-7dc19e,32,True,2583.2,5120.9,5144.4,5144.8,5342.5,5343.4,6180.2,3560.2,47
reactive-20260916-105635-6652e9,1,True,1262.8,3195.1,3204.5,3204.8,3419.4,3419.9,4297.5,2957.1,16
reactive-20260916-105635-6652e9,2,True,1623.8,3303.9,3313.6,3313.9,-1,-1,3320.2,,26
reactive-20260916-105635-6652e9,3,True,1682.1,3243.3,3252.6,3252.9,3401.3,3401.9,4226.6,2519.8,19
reactive-20260916-105635-6652e9,4,True,2603.4,5173.4,5182.5,5182.9,5338.2,5338.9,6233.4,3535.5,50
reactive-20260916-105635-6652e9,5,True,1271.6,3097.4,3106.8,3107.1,3279.0,3279.7,4179.5,2808.0,14
reactive-20260916-105635-6652e9,6,True,1842.3,3343.5,3353.2,3353.5,3544.7,3545.4,4437.8,2503.1,28
reactive-20260916-105635-6652e9,7,True,1502.1,3158.8,3167.6,3167.9,3321.1,3321.8,4207.6,2619.7,22
reactive-20260916-105635-6652e9,8,True,1843.0,3386.7,3396.1,3396.4,3565.1,3565.7,4374.4,2522.7,26
reactive-20260916-105635-6652e9,9,True,1340.3,3136.8,3145.8,3146.2,3307.4,3308.0,4124.4,2767.7,13
reactive-20260916-105635-6652e9,10,True,3101.9,5170.3,5179.2,5179.5,5341.2,5341.8,6171.7,3039.9,57
reactive-20260916-105635-6652e9,11,True,3121.5,5195.7,5205.3,5205.6,5369.6,5370.3,6180.0,3048.7,59
reactive-20260916-105635-6652e9,12,True,1782.6,3240.8,3250.2,3250.5,3400.6,3401.3,4277.8,2418.7,31
reactive-20260916-105635-6652e9,13,True,1421.1,3185.9,3195.1,3195.5,3362.7,3363.4,4233.0,2742.2,30
reactive-20260916-105635-6652e9,14,True,3063.6,5136.7,5145.3,5145.7,5356.1,5356.8,6186.4,3093.2,53
reactive-20260916-105635-6652e9,15,True,2721.5,5022.0,5032.1,5032.4,5205.4,5206.1,6098.0,3284.6,35
reactive-20260916-105635-6652e9,16,True,2543.2,4953.8,4962.9,4963.2,5122.9,5123.5,6020.5,3380.3,47
reactive-20260916-105635-6652e9,17,True,1261.9,3200.5,3209.8,3210.1,3378.3,3379.0,4232.7,2917.1,16
reactive-20260916-105635-6652e9,18,True,1724.2,3267.0,3276.4,3276.7,-1,-1,3276.8,,26
reactive-20260916-105635-6652e9,19,True,1642.3,3222.0,3231.7,3232.0,3389.4,3390.1,4206.1,2547.8,19
reactive-20260916-105635-6652e9,20,True,2522.9,5094.0,5103.8,5104.1,5270.8,5271.4,6127.5,3548.5,50
reactive-20260916-105635-6652e9,21,True,1281.2,3145.0,3154.2,3154.5,3301.0,3301.6,4174.6,2820.5,14
reactive-20260916-105635-6652e9,22,True,1841.6,3320.2,3329.6,3329.9,3483.5,3484.1,4309.1,2442.6,28
reactive-20260916-105635-6652e9,23,True,1481.3,3260.0,3268.7,3269.0,-1,-1,3274.4,,22
reactive-20260916-105635-6652e9,24,True,1801.2,3281.7,3291.3,3291.6,3457.1,3457.7,4355.1,2456.5,26
reactive-20260916-105635-6652e9,25,True,1302.1,3121.7,3131.1,3131.4,3274.6,3275.3,4091.7,2773.1,13
reactive-20260916-105635-6652e9,26,True,3130.8,5247.8,5256.8,5257.2,5411.5,5412.2,6308.7,3081.4,57
reactive-20260916-105635-6652e9,27,True,3162.9,5199.1,5208.4,5208.7,5364.2,5364.8,6227.2,3001.9,59
reactive-20260916-105635-6652e9,28,True,1821.7,3249.7,3258.8,3259.1,3412.4,3413.1,4303.8,2391.4,31
reactive-20260916-105635-6652e9,29,True,1440.6,3290.9,3300.0,3300.4,3463.2,3463.8,4318.3,2823.2,30
reactive-20260916-105635-6652e9,30,True,3062.7,5198.1,5206.8,5207.2,5370.1,5370.8,6197.0,3108.0,53
reactive-20260916-105635-6652e9,31,True,2742.8,5053.7,5063.8,5064.2,5259.9,5260.5,6116.6,3317.8,34
reactive-20260916-105635-6652e9,32,True,2583.8,5338.6,5364.0,5364.4,5527.0,5527.6,6341.8,3743.8,47
reactive-20260916-110003-9937d5,1,True,1262.2,3268.9,3278.4,3278.7,3497.1,3497.7,4356.9,3035.6,16
reactive-20260916-110003-9937d5,2,True,1584.9,3220.8,3230.8,3231.1,3392.0,3392.6,4259.3,2607.8,26
reactive-20260916-110003-9937d5,3,True,1681.1,3132.1,3141.5,3141.8,3318.9,3319.6,4123.6,2438.5,19
reactive-20260916-110003-9937d5,4,True,2603.2,5082.5,5091.7,5092.0,5251.5,5252.2,6065.9,3449.0,50
reactive-20260916-110003-9937d5,5,True,1260.8,3127.4,3136.9,3137.2,3296.6,3297.2,4112.2,2836.4,14
reactive-20260916-110003-9937d5,6,True,1842.7,3344.5,3354.2,3354.5,3506.0,3506.7,4393.4,2464.0,28
reactive-20260916-110003-9937d5,7,True,1502.7,3133.2,3142.1,3142.4,3307.3,3307.9,4158.7,2605.2,22
reactive-20260916-110003-9937d5,8,True,1801.9,3322.1,3331.8,3332.1,3481.4,3482.0,4327.3,2480.1,26
reactive-20260916-110003-9937d5,9,True,1343.7,3098.6,3108.0,3108.3,3275.9,3276.6,4169.9,2732.9,13
reactive-20260916-110003-9937d5,10,True,3081.0,5235.0,5244.0,5244.4,5412.5,5413.2,6227.3,3132.2,57
reactive-20260916-110003-9937d5,11,True,3121.6,5147.1,5156.6,5157.0,5321.7,5322.4,6128.5,3000.7,59
reactive-20260916-110003-9937d5,12,True,1782.7,3227.3,3236.5,3236.9,3398.7,3399.4,4210.4,2416.7,31
reactive-20260916-110003-9937d5,13,True,1860.4,3355.3,3364.3,3364.6,3525.3,3526.0,4357.8,2465.6,30
reactive-20260916-110003-9937d5,14,True,3223.8,5103.7,5112.9,5113.3,5264.6,5265.3,6087.4,2841.5,53
reactive-20260916-110003-9937d5,15,True,2721.7,4974.4,4984.4,4984.7,5141.8,5142.5,5960.4,3220.8,35
reactive-20260916-110003-9937d5,16,True,2542.8,5091.0,5100.1,5100.5,5251.8,5252.6,6088.8,3509.8,47
reactive-20260916-110003-9937d5,17,True,1261.6,3133.8,3142.9,3143.3,3309.8,3310.5,4210.1,2848.9,16
reactive-20260916-110003-9937d5,18,True,1720.3,3180.2,3189.5,3189.8,3347.1,3347.8,4162.3,2427.4,26
reactive-20260916-110003-9937d5,19,True,1644.5,3228.7,3238.2,3238.5,3405.7,3406.3,4284.8,2561.9,19
reactive-20260916-110003-9937d5,20,True,2581.2,5075.9,5085.2,5085.8,-1,-1,5091.7,,50
reactive-20260916-110003-9937d5,21,True,1282.3,3126.2,3136.0,3136.3,3299.3,3300.0,4155.9,2817.7,14
reactive-20260916-110003-9937d5,22,True,1840.7,3344.6,3354.1,3354.4,3509.3,3510.0,4406.0,2469.2,28
reactive-20260916-110003-9937d5,23,True,1482.3,3139.7,3148.7,3149.0,3311.3,3312.0,4185.3,2629.7,22
reactive-20260916-110003-9937d5,24,True,1801.3,3332.5,3341.8,3342.1,3505.7,3506.4,4360.9,2505.1,26
reactive-20260916-110003-9937d5,25,True,1302.7,3128.5,3138.2,3138.5,3291.6,3292.2,4104.0,2789.5,13
reactive-20260916-110003-9937d5,26,True,3122.6,5021.9,5031.0,5031.3,5193.8,5194.4,6090.2,2871.8,57
reactive-20260916-110003-9937d5,27,True,3164.6,5098.5,5107.9,5108.3,5278.2,5278.9,6098.0,2914.3,59
reactive-20260916-110003-9937d5,28,True,1821.1,3342.2,3351.4,3351.7,3520.7,3521.3,4394.7,2500.2,31
reactive-20260916-110003-9937d5,29,True,1841.7,3399.8,3409.0,3409.4,3570.3,3570.9,4430.2,2529.3,30
reactive-20260916-110003-9937d5,30,True,2923.0,5094.3,5103.3,5103.6,5274.2,5274.9,6097.4,3151.9,53
reactive-20260916-110003-9937d5,31,True,2741.1,5135.5,5145.7,5146.0,5291.9,5292.6,6167.8,3351.5,34
reactive-20260916-110003-9937d5,32,True,2582.7,5143.0,5166.9,5167.3,5372.1,5372.7,6200.2,3590.0,47
reactive-20260916-110333-37443c,1,True,1262.6,3369.3,3700.7,4124.8,4353.6,4354.3,5177.7,3891.6,16
reactive-20260916-110333-37443c,2,True,1702.2,3395.3,3541.6,4196.5,3948.9,3949.5,5382.4,3047.3,26
reactive-20260916-110333-37443c,3,True,1682.2,3396.2,3544.4,4210.3,4351.9,4352.7,5300.4,3470.6,19
reactive-20260916-110333-37443c,4,True,2602.8,5383.9,5533.9,6035.3,6062.6,6063.4,7011.4,4260.6,50
reactive-20260916-110333-37443c,5,True,1262.6,3310.6,3469.8,3999.1,3786.4,3787.0,5044.6,3324.4,14
reactive-20260916-110333-37443c,6,True,1842.0,3363.9,3505.4,4009.6,3924.8,3925.4,5019.2,2883.4,28
reactive-20260916-110333-37443c,7,True,1503.7,3274.2,3420.0,3992.3,3957.0,3957.6,5001.6,3253.9,22
reactive-20260916-110333-37443c,8,True,1803.6,3333.5,3474.5,4329.1,4000.2,4000.8,5473.8,2997.3,26
reactive-20260916-110333-37443c,9,True,1302.6,3268.9,3425.3,4152.8,3649.4,3650.0,4862.1,3147.4,13
reactive-20260916-110333-37443c,10,True,3082.3,5376.3,5524.3,5921.2,6039.0,6039.7,6975.0,3757.4,57
reactive-20260916-110333-37443c,11,True,3122.9,5422.3,5567.4,6133.1,5977.7,5978.3,7188.0,3655.4,59
reactive-20260916-110333-37443c,12,True,1783.7,3367.4,3507.7,4011.3,4018.9,4019.7,4971.7,3036.0,31
reactive-20260916-110333-37443c,13,True,1820.7,3363.4,3506.2,4174.6,3805.4,3806.0,5083.3,2785.3,30
reactive-20260916-110333-37443c,14,True,3222.7,5227.5,5374.1,6362.4,5740.0,5740.6,7363.2,3317.9,53
reactive-20260916-110333-37443c,15,True,2721.8,5216.7,5366.7,6000.1,5814.2,5814.9,7121.0,3893.0,35
reactive-20260916-110333-37443c,16,True,2542.3,5219.7,5366.8,5957.0,5549.8,5550.3,6507.1,3808.1,47
reactive-20260916-110333-37443c,17,True,1261.2,3268.4,3408.0,3832.3,4056.1,4056.7,4894.8,3595.5,16
reactive-20260916-110333-37443c,18,True,1723.1,3420.5,3559.7,4281.7,3910.8,3911.5,5351.9,2988.4,26
reactive-20260916-110333-37443c,19,True,1643.1,3300.4,3404.7,4059.8,4225.9,4226.8,5256.3,3383.7,19
reactive-20260916-110333-37443c,20,True,2583.9,5268.9,5417.5,5920.9,5906.4,5907.1,6884.8,4123.1,50
reactive-20260916-110333-37443c,21,True,1280.8,3236.3,3390.5,3762.3,3688.8,3689.4,4722.0,3208.6,14
reactive-20260916-110333-37443c,22,True,1843.0,3471.7,3611.0,4114.4,4031.7,4032.4,5170.2,2989.4,28
reactive-20260916-110333-37443c,23,True,1480.5,3409.2,3547.5,4119.9,4086.2,4086.9,5133.1,3406.4,22
reactive-20260916-110333-37443c,24,True,1800.3,3342.2,3444.0,4084.5,3914.1,3914.9,5107.3,2914.5,26
reactive-20260916-110333-37443c,25,True,1303.9,3263.0,3367.8,4034.5,3588.6,3589.2,4397.2,3085.2,13
reactive-20260916-110333-37443c,26,True,3120.9,5360.9,5506.2,6069.2,6004.2,6004.9,7134.8,3684.0,57
reactive-20260916-110333-37443c,27,True,3164.4,5418.3,5564.1,6556.5,5965.7,5966.4,7656.9,3602.0,59
reactive-20260916-110333-37443c,28,True,1822.3,3431.1,3571.5,4199.9,4023.5,4024.2,5230.8,3001.9,31
reactive-20260916-110333-37443c,29,True,1840.2,3409.6,3551.3,4240.6,3874.3,3874.9,5149.7,2834.8,30
reactive-20260916-110333-37443c,30,True,3182.2,5278.9,5379.7,6205.0,5932.5,5933.1,7368.0,3550.9,53
reactive-20260916-110333-37443c,31,True,2741.6,5268.3,5411.3,6203.1,5794.7,5795.3,7279.8,3853.6,34
reactive-20260916-110333-37443c,32,True,2583.5,5420.6,5553.3,6291.6,6085.0,6085.7,7299.9,4302.2,47
reactive-20260916-115218-058b62,1,True,1262.5,3042.0,3065.9,3066.2,3315.1,3315.7,4145.9,2853.2,16
reactive-20260916-115218-058b62,2,True,1702.4,3166.7,3190.9,3191.2,-1,-1,3191.4,,26
reactive-20260916-115218-058b62,3,True,1682.0,3097.9,3121.8,3122.1,-1,-1,3122.3,,19
reactive-20260916-115218-058b62,4,True,2602.0,4930.6,4954.3,4954.6,-1,-1,4954.9,,50
reactive-20260916-115218-058b62,5,True,1262.7,2978.5,3003.0,3003.3,3160.4,3161.1,3982.7,2698.4,14
reactive-20260916-115218-058b62,6,True,1851.8,4698.5,4722.8,4723.2,4878.3,4879.0,5777.5,3827.2,28
reactive-20260916-115218-058b62,7,True,1502.9,3036.6,3060.0,3060.4,3226.5,3227.2,4038.5,2524.3,22
reactive-20260916-115218-058b62,8,True,1801.0,4418.4,4443.1,4443.5,4767.7,4788.8,5614.8,3787.7,26
reactive-20260916-115218-058b62,9,True,1304.4,3002.1,3026.3,3026.6,3198.0,3198.7,4055.8,2694.2,13
reactive-20260916-115218-058b62,10,True,3081.8,5043.9,5067.6,5067.9,5224.2,5224.9,6109.7,2943.1,57
reactive-20260916-115218-058b62,11,True,3122.6,4964.0,4988.3,4989.0,5152.3,5152.9,6019.4,2830.3,59
reactive-20260916-115218-058b62,12,True,1781.1,3241.2,3265.4,3265.7,3426.5,3427.1,4230.1,2446.0,31
reactive-20260916-115218-058b62,13,True,1818.7,3324.8,3349.1,3349.4,3507.6,3508.2,4384.1,2489.6,30
reactive-20260916-115218-058b62,14,True,3222.7,4954.3,4978.2,4978.6,5148.1,5148.8,6017.2,2726.0,53
reactive-20260916-115218-058b62,15,True,2722.0,4822.8,4847.7,4848.0,5005.5,5006.2,5872.3,3084.2,35
reactive-20260916-115218-058b62,16,True,2542.9,4868.1,4894.4,4894.7,5070.2,5070.9,5918.8,3328.0,47
reactive-20260916-115218-058b62,17,True,1262.4,2989.7,3013.6,3013.9,3170.8,3171.5,4032.7,2709.1,16
reactive-20260916-115218-058b62,18,True,1720.3,3162.0,3186.2,3186.5,-1,-1,3194.6,,26
reactive-20260916-115218-058b62,19,True,1642.8,3077.5,3102.4,3102.7,-1,-1,3109.1,,19
reactive-20260916-115218-058b62,20,True,2583.2,4881.2,4907.5,4908.2,5076.5,5077.2,5955.4,3294.0,50
reactive-20260916-115218-058b62,21,True,1287.5,3006.7,3030.7,3031.1,3178.9,3179.6,3999.1,2692.1,14
reactive-20260916-115218-058b62,22,True,1850.7,3311.3,3335.5,3335.8,3491.0,3491.7,4354.3,2440.9,28
reactive-20260916-115218-058b62,23,True,1482.3,2999.1,3022.7,3023.0,-1,-1,3023.1,,22
reactive-20260916-115218-058b62,24,True,1801.6,3300.5,3327.5,3327.8,-1,-1,3328.0,,26
reactive-20260916-115218-058b62,25,True,1303.5,2986.6,3011.3,3011.6,3166.8,3167.5,3981.0,2663.9,13
reactive-20260916-115218-058b62,26,True,3124.0,5015.5,5039.6,5039.9,5194.5,5195.1,6088.3,2871.1,57
reactive-20260916-115218-058b62,27,True,3170.0,5129.0,5153.2,5153.5,5303.6,5304.2,6191.0,2934.2,59
reactive-20260916-115218-058b62,28,True,1820.3,3255.0,3279.2,3279.5,-1,-1,3279.7,,31
reactive-20260916-115218-058b62,29,True,1740.5,3178.3,3203.0,3203.3,3371.5,3372.2,4220.8,2431.7,30
reactive-20260916-115218-058b62,30,True,3181.3,4967.8,4991.6,4991.9,5151.5,5152.1,6021.7,2770.9,53
reactive-20260916-115218-058b62,31,True,2743.0,4787.5,4812.2,4812.5,4997.6,4998.2,5837.2,3055.2,34
reactive-20260916-115218-058b62,32,True,2583.5,4961.4,4999.2,4999.5,5177.4,5178.1,6054.9,3394.6,47
reactive-20260916-115628-2f3a6e,1,True,1263.1,3434.5,3466.2,3466.5,3688.9,3689.4,4549.2,3226.3,16
reactive-20260916-115628-2f3a6e,2,True,1704.7,3397.1,3432.3,3432.6,3588.5,3589.2,4483.4,2684.5,26
reactive-20260916-115628-2f3a6e,3,True,1681.7,3255.5,3291.2,3291.6,-1,-1,3291.8,,19
reactive-20260916-115628-2f3a6e,4,True,2602.5,5048.9,5086.0,5086.4,-1,-1,5086.6,,50
reactive-20260916-115628-2f3a6e,5,True,1262.6,3107.6,3144.2,3144.5,3303.6,3304.3,4161.0,2841.7,14
reactive-20260916-115628-2f3a6e,6,True,1881.9,3388.2,3424.1,3424.4,3595.2,3595.9,4439.9,2514.0,28
reactive-20260916-115628-2f3a6e,7,True,1501.7,3233.9,3269.3,3269.6,3423.0,3423.7,4313.1,2722.0,22
reactive-20260916-115628-2f3a6e,8,True,1802.0,3290.0,3325.9,3326.2,3499.6,3500.3,4376.5,2498.2,26
reactive-20260916-115628-2f3a6e,9,True,1354.1,3166.2,3202.3,3202.6,3363.8,3364.5,4220.5,2810.4,13
reactive-20260916-115628-2f3a6e,10,True,3082.2,5346.2,5381.7,5382.1,-1,-1,5382.2,,57
reactive-20260916-115628-2f3a6e,11,True,3123.4,5142.1,5177.9,5178.3,5353.0,5353.7,6206.3,3030.3,59
reactive-20260916-115628-2f3a6e,12,True,1781.1,3377.7,3413.5,3413.8,-1,-1,3414.0,,31
reactive-20260916-115628-2f3a6e,13,True,1822.7,3403.1,3441.2,3441.5,3606.2,3606.9,4481.2,2584.2,30
reactive-20260916-115628-2f3a6e,14,True,3223.9,5161.8,5197.0,5197.3,5357.4,5358.1,6214.5,2934.2,53
reactive-20260916-115628-2f3a6e,15,True,2722.5,5103.6,5140.2,5140.5,5296.1,5296.8,6100.0,3374.3,35
reactive-20260916-115628-2f3a6e,16,True,2541.6,5152.9,5189.4,5189.8,5368.8,5369.4,6241.9,3627.9,47
reactive-20260916-115628-2f3a6e,17,True,1261.0,3179.2,3215.4,3215.7,3369.4,3370.1,4258.4,2909.0,16
reactive-20260916-115628-2f3a6e,18,True,1583.3,3373.5,3410.0,3410.3,3575.8,3576.4,4463.4,2793.1,26
reactive-20260916-115628-2f3a6e,19,True,1423.2,3191.3,3228.3,3228.6,3392.9,3393.6,4290.9,2770.3,19
reactive-20260916-115628-2f3a6e,20,True,2582.5,5280.2,5317.3,5317.6,5479.5,5480.2,6353.3,3697.7,50
reactive-20260916-115628-2f3a6e,21,True,1281.5,3167.3,3204.4,3204.7,-1,-1,3204.9,,14
reactive-20260916-115628-2f3a6e,22,True,1840.6,3426.4,3464.3,3464.6,-1,-1,3464.8,,28
reactive-20260916-115628-2f3a6e,23,True,1483.1,3236.1,3273.1,3273.4,-1,-1,3273.6,,22
reactive-20260916-115628-2f3a6e,24,True,1801.3,3315.8,3353.7,3354.0,-1,-1,3354.2,,26
reactive-20260916-115628-2f3a6e,25,True,1301.8,3246.4,3285.0,3285.3,3464.0,3464.7,4336.4,2962.9,13
reactive-20260916-115628-2f3a6e,26,True,3123.6,5282.9,5320.9,5321.2,5476.9,5477.6,6284.5,3154.0,57
reactive-20260916-115628-2f3a6e,27,True,3164.0,5211.4,5249.7,5250.0,-1,-1,5250.2,,59
reactive-20260916-115628-2f3a6e,28,True,1821.4,3372.8,3410.3,3410.7,3573.6,3574.2,4427.9,2552.9,31
reactive-20260916-115628-2f3a6e,29,True,1841.6,3363.9,3401.4,3401.7,-1,-1,3401.9,,30
reactive-20260916-115628-2f3a6e,30,True,3061.7,5211.1,5248.1,5248.4,5413.1,5413.7,6290.9,3152.0,53
reactive-20260916-115628-2f3a6e,31,True,2743.8,5090.7,5128.8,5129.2,-1,-1,5129.3,,34
reactive-20260916-115628-2f3a6e,32,True,2584.2,5265.7,5319.1,5319.5,-1,-1,5319.8,,47
reactive-20260916-120043-ace562,1,True,1261.5,3222.8,3247.8,3248.1,3472.6,3473.2,4341.0,3011.7,16
reactive-20260916-120043-ace562,2,True,1583.4,3227.7,3254.6,3254.9,3409.0,3409.7,4287.7,2626.3,26
reactive-20260916-120043-ace562,3,True,1683.6,3183.1,3209.4,3209.7,3387.8,3388.4,4252.4,2504.8,19
reactive-20260916-120043-ace562,4,True,2603.6,5147.4,5173.9,5174.2,-1,-1,5174.4,,50
reactive-20260916-120043-ace562,5,True,1262.2,3230.4,3257.9,3258.2,3414.6,3415.3,4233.0,2953.1,14
reactive-20260916-120043-ace562,6,True,1841.8,3426.8,3454.0,3454.3,3621.7,3622.3,4507.8,2580.5,28
reactive-20260916-120043-ace562,7,True,1503.1,3282.9,3309.4,3309.8,3475.7,3476.4,4365.3,2773.3,22
reactive-20260916-120043-ace562,8,True,1800.8,3350.8,3378.1,3378.4,3541.1,3541.8,4439.9,2540.9,26
reactive-20260916-120043-ace562,9,True,1343.4,3166.8,3193.2,3193.5,-1,-1,3193.6,,13
reactive-20260916-120043-ace562,10,True,3082.5,5303.6,5330.1,5330.4,5490.5,5491.2,6365.8,3208.7,57
reactive-20260916-120043-ace562,11,True,3122.4,5233.3,5260.4,5261.1,5430.3,5431.0,6276.2,3108.6,59
reactive-20260916-120043-ace562,12,True,1782.6,3387.5,3414.1,3414.4,3593.8,3594.5,4470.0,2611.9,31
reactive-20260916-120043-ace562,13,True,1821.3,3399.4,3426.9,3427.3,-1,-1,3427.5,,30
reactive-20260916-120043-ace562,14,True,3223.3,5234.4,5260.9,5261.2,5421.8,5422.5,6289.2,2999.2,53
reactive-20260916-120043-ace562,15,True,2721.9,5174.7,5203.9,5204.2,5367.7,5368.3,6170.0,3446.4,35
reactive-20260916-120043-ace562,16,True,2547.2,5227.9,5254.3,5254.6,-1,-1,5254.8,,47
reactive-20260916-120043-ace562,17,True,1259.0,3215.7,3243.1,3243.4,3402.3,3403.0,4303.2,2944.0,16
reactive-20260916-120043-ace562,18,True,1581.9,3323.7,3350.9,3351.2,3513.1,3513.8,4403.5,2731.9,26
reactive-20260916-120043-ace562,19,True,1423.3,3291.1,3319.3,3319.6,-1,-1,3319.7,,19
reactive-20260916-120043-ace562,20,True,2583.3,5173.3,5200.4,5201.1,5367.6,5368.3,6260.5,3584.9,50
reactive-20260916-120043-ace562,21,True,1281.9,3271.7,3299.0,3299.3,-1,-1,3305.2,,14
reactive-20260916-120043-ace562,22,True,1841.7,3426.9,3455.1,3455.4,-1,-1,3455.5,,28
reactive-20260916-120043-ace562,23,True,1482.4,3227.3,3255.3,3255.6,-1,-1,3256.0,,22
reactive-20260916-120043-ace562,24,True,1803.8,3415.2,3442.7,3443.0,-1,-1,3443.2,,26
reactive-20260916-120043-ace562,25,True,1303.6,3254.7,3283.2,3283.5,3441.6,3442.3,4317.2,2938.7,13
reactive-20260916-120043-ace562,26,True,3121.7,5291.4,5321.2,5322.4,5494.5,5495.2,6321.2,3173.5,57
reactive-20260916-120043-ace562,27,True,3164.2,5387.4,5416.2,5416.6,5590.5,5591.2,6433.4,3226.9,59
reactive-20260916-120043-ace562,28,True,1820.4,3409.1,3438.2,3438.5,3612.2,3612.8,4496.5,2592.5,31
reactive-20260916-120043-ace562,29,True,1842.3,3463.7,3491.8,3492.1,3649.7,3650.3,4455.0,2608.0,30
reactive-20260916-120043-ace562,30,True,3022.6,5250.4,5277.6,5277.9,5440.7,5441.4,6326.3,3218.9,53
reactive-20260916-120043-ace562,31,True,2742.1,5211.9,5240.7,5241.0,5390.9,5391.6,6193.5,3449.5,34
reactive-20260916-120043-ace562,32,True,2583.0,5276.1,5319.4,5319.7,5498.9,5499.6,6347.6,3716.6,47
reactive-20260916-120420-ba6fc4,1,True,1261.9,3223.3,3246.4,3246.8,3476.8,3477.4,4328.6,3015.4,16
reactive-20260916-120420-ba6fc4,2,True,1584.8,3356.9,3383.6,3383.9,-1,-1,3384.1,,26
reactive-20260916-120420-ba6fc4,3,True,1683.4,3345.3,3370.3,3370.6,3527.8,3528.4,4332.9,2645.1,19
reactive-20260916-120420-ba6fc4,4,True,2602.9,5091.2,5116.4,5117.1,5277.6,5278.2,6133.4,3475.2,50
reactive-20260916-120420-ba6fc4,5,True,1262.6,3219.5,3245.0,3245.3,3426.6,3427.2,4263.6,2964.6,14
reactive-20260916-120420-ba6fc4,6,True,1842.0,3427.1,3452.7,3453.4,3599.6,3600.2,4431.6,2558.2,28
reactive-20260916-120420-ba6fc4,7,True,1503.3,3237.3,3262.6,3262.9,3413.9,3414.5,4306.0,2711.2,22
reactive-20260916-120420-ba6fc4,8,True,1801.3,3270.6,3296.3,3296.6,3459.6,3460.2,4274.5,2458.9,26
reactive-20260916-120420-ba6fc4,9,True,1343.0,3227.5,3253.0,3253.3,3411.5,3412.1,4218.5,2869.2,13
reactive-20260916-120420-ba6fc4,10,True,3081.9,5177.9,5202.9,5203.3,5391.4,5392.0,6281.2,3110.1,57
reactive-20260916-120420-ba6fc4,11,True,3120.9,5187.2,5213.2,5213.6,5371.0,5371.7,6187.5,3050.8,59
reactive-20260916-120420-ba6fc4,12,True,1781.8,3292.0,3317.7,3318.0,3480.0,3480.6,4358.0,2498.8,31
reactive-20260916-120420-ba6fc4,13,True,1821.3,3346.4,3372.8,3373.1,3528.6,3529.3,4409.8,2508.0,30
reactive-20260916-120420-ba6fc4,14,True,3222.2,5122.2,5147.5,5147.8,-1,-1,5148.0,,53
reactive-20260916-120420-ba6fc4,15,True,2723.9,5109.4,5136.0,5136.3,-1,-1,5136.5,,35
reactive-20260916-120420-ba6fc4,16,True,2542.4,5067.7,5093.2,5093.5,5254.2,5254.8,6067.1,3512.5,47
reactive-20260916-120420-ba6fc4,17,True,1260.2,3172.8,3198.6,3198.9,3366.7,3367.4,4174.4,2907.2,16
reactive-20260916-120420-ba6fc4,18,True,1722.8,3321.4,3347.3,3347.6,3498.2,3498.9,4322.7,2576.1,26
reactive-20260916-120420-ba6fc4,19,True,1641.0,3251.8,3277.6,3277.9,3421.6,3422.3,4231.4,2581.2,19
reactive-20260916-120420-ba6fc4,20,True,2582.9,5082.5,5108.3,5108.6,5257.3,5257.9,6064.1,3475.0,50
reactive-20260916-120420-ba6fc4,21,True,1281.5,3163.4,3189.0,3189.3,3355.4,3356.0,4218.4,2874.5,14
reactive-20260916-120420-ba6fc4,22,True,1461.9,3235.4,3260.9,3261.2,3428.8,3429.5,4303.5,2767.6,27
reactive-20260916-120420-ba6fc4,23,True,1482.0,3219.8,3244.6,3244.9,-1,-1,3250.5,,22
reactive-20260916-120420-ba6fc4,24,True,1803.4,3361.0,3387.0,3387.3,3554.5,3555.2,4437.5,2551.8,26
reactive-20260916-120420-ba6fc4,25,True,1302.4,3186.1,3214.2,3214.9,3372.4,3373.1,4179.6,2870.7,13
reactive-20260916-120420-ba6fc4,26,True,3122.3,5221.7,5246.8,5247.2,-1,-1,5247.4,,57
reactive-20260916-120420-ba6fc4,27,True,3163.2,5196.3,5221.9,5222.3,5376.9,5377.5,6249.1,3014.3,59
reactive-20260916-120420-ba6fc4,28,True,1820.4,3370.5,3396.1,3396.4,3561.3,3562.0,4437.7,2541.6,31
reactive-20260916-120420-ba6fc4,29,True,1840.3,3387.7,3413.9,3414.2,3566.7,3567.4,4375.8,2527.2,30
reactive-20260916-120420-ba6fc4,30,True,3065.5,5074.5,5100.3,5100.6,5259.8,5260.5,6067.0,2995.0,53
reactive-20260916-120420-ba6fc4,31,True,2741.3,5034.3,5061.0,5061.3,5213.2,5213.9,6105.3,3272.5,34
reactive-20260916-120420-ba6fc4,32,True,2580.3,5203.6,5247.2,5247.5,-1,-1,5262.3,,47
reactive-20260916-120813-52c75a,1,True,1262.1,3361.2,3383.1,3383.4,3610.5,3611.1,4465.5,3149.0,16
reactive-20260916-120813-52c75a,2,True,1703.3,3389.6,3412.0,3412.3,3578.5,3579.1,4386.1,2675.8,26
reactive-20260916-120813-52c75a,3,True,1682.1,3301.3,3323.6,3323.9,-1,-1,3324.1,,19
reactive-20260916-120813-52c75a,4,True,2603.2,5252.7,5276.3,5276.7,5452.5,5453.1,6329.1,3650.0,50
reactive-20260916-120813-52c75a,5,True,1259.1,3271.8,3294.5,3294.8,3475.5,3476.1,4363.3,3017.0,14
reactive-20260916-120813-52c75a,6,True,1842.6,3436.6,3459.4,3459.7,3634.7,3635.4,4438.8,2592.8,28
reactive-20260916-120813-52c75a,7,True,1503.9,3393.3,3415.5,3415.8,-1,-1,3416.0,,22
reactive-20260916-120813-52c75a,8,True,1803.2,3269.2,3291.7,3292.3,-1,-1,3292.5,,26
reactive-20260916-120813-52c75a,9,True,1342.5,3246.1,3269.3,3269.6,3446.4,3447.1,4251.0,2904.6,13
reactive-20260916-120813-52c75a,10,True,3082.5,5271.1,5293.2,5293.6,5462.7,5463.2,6313.3,3180.7,57
reactive-20260916-120813-52c75a,11,True,3122.7,5293.1,5316.4,5316.7,5476.6,5477.3,6337.2,3154.5,59
reactive-20260916-120813-52c75a,12,True,1781.8,3278.2,3301.1,3301.5,3445.1,3445.7,4319.3,2463.9,31
reactive-20260916-120813-52c75a,13,True,1821.6,3387.1,3410.1,3410.4,3565.8,3566.4,4369.7,2544.8,30
reactive-20260916-120813-52c75a,14,True,3224.2,5233.2,5258.5,5258.8,5430.6,5431.3,6290.1,3007.1,53
reactive-20260916-120813-52c75a,15,True,2721.6,5170.2,5193.4,5193.7,5357.9,5358.6,6245.9,3437.0,35
reactive-20260916-120813-52c75a,16,True,2542.3,5205.0,5227.8,5228.2,5424.2,5424.9,6289.9,3682.5,47
reactive-20260916-120813-52c75a,17,True,1260.9,3191.4,3213.7,3214.3,3366.3,3367.0,4234.5,2906.0,16
reactive-20260916-120813-52c75a,18,True,1723.1,3346.7,3370.0,3370.4,3560.7,3561.3,4387.6,2638.2,26
reactive-20260916-120813-52c75a,19,True,1642.5,3297.3,3320.5,3320.8,3513.5,3514.1,4399.1,2671.6,19
reactive-20260916-120813-52c75a,20,True,2582.0,5114.4,5137.5,5137.8,5287.5,5288.2,6117.9,3506.2,50
reactive-20260916-120813-52c75a,21,True,1281.4,3192.9,3215.8,3216.1,3385.2,3385.8,4262.7,2904.5,14
reactive-20260916-120813-52c75a,22,True,1843.5,3358.5,3381.6,3382.0,3524.8,3525.4,4415.0,2481.9,28
reactive-20260916-120813-52c75a,23,True,1482.4,3309.6,3332.3,3332.6,3511.0,3511.6,4377.8,2829.2,22
reactive-20260916-120813-52c75a,24,True,1803.0,3417.9,3441.3,3441.7,-1,-1,3447.7,,26
reactive-20260916-120813-52c75a,25,True,1309.0,3233.0,3257.5,3257.9,3447.0,3447.6,4303.6,2938.6,13
reactive-20260916-120813-52c75a,26,True,3123.8,5192.1,5215.2,5215.5,5379.8,5380.4,6184.0,3056.7,57
reactive-20260916-120813-52c75a,27,True,3163.7,5312.1,5337.2,5337.5,5484.8,5485.4,6286.6,3121.7,59
reactive-20260916-120813-52c75a,28,True,1823.8,3356.7,3380.1,3380.4,-1,-1,3380.6,,31
reactive-20260916-120813-52c75a,29,True,1744.0,3317.7,3341.7,3342.0,3510.2,3510.8,4402.6,2566.8,30
reactive-20260916-120813-52c75a,30,True,3182.1,5222.8,5245.5,5245.8,-1,-1,5246.0,,53
reactive-20260916-120813-52c75a,31,True,2743.1,5182.1,5206.5,5206.8,5368.2,5368.8,6242.3,3425.7,34
reactive-20260916-120813-52c75a,32,True,2582.9,5367.9,5408.6,5408.9,5603.4,5604.1,6453.6,3821.1,47
reactive-20260916-121140-74e10a,1,True,1262.8,3304.0,3677.6,4135.3,4352.1,4352.9,5250.6,3890.0,16
reactive-20260916-121140-74e10a,2,True,1703.3,3385.7,3556.4,4474.6,3980.1,3980.8,5708.4,3077.5,26
reactive-20260916-121140-74e10a,3,True,1681.6,3311.6,3487.7,4147.1,4295.5,4296.3,4232.4,3414.7,19
reactive-20260916-121140-74e10a,4,True,2602.6,5176.4,5355.0,6140.5,5830.0,5830.7,7186.4,4028.1,50
reactive-20260916-121140-74e10a,5,True,1261.6,3236.5,3425.1,3798.6,3725.0,3725.6,3850.7,3264.0,14
reactive-20260916-121140-74e10a,6,True,1841.6,3424.8,3591.0,4092.6,3999.8,4000.3,5174.4,2958.8,28
reactive-20260916-121140-74e10a,7,True,1498.9,3283.7,3455.1,4030.3,3902.5,3903.2,5061.6,3204.3,22
reactive-20260916-121140-74e10a,8,True,1802.0,3366.7,3533.8,4187.2,4039.2,4039.8,5221.1,3037.8,26
reactive-20260916-121140-74e10a,9,True,1300.5,3232.3,3415.6,4145.8,3634.5,3635.1,4358.9,3134.5,13
reactive-20260916-121140-74e10a,10,True,3081.6,5210.7,5384.7,5778.5,5915.3,5916.1,6868.2,3634.5,57
reactive-20260916-121140-74e10a,11,True,3122.4,5306.4,5478.4,6012.5,6001.5,6002.2,7012.4,3679.8,59
reactive-20260916-121140-74e10a,12,True,1782.4,3407.9,3575.9,4240.0,4087.5,4088.1,5270.8,3105.7,31
reactive-20260916-121140-74e10a,13,True,1819.7,3394.2,3565.6,4413.9,4020.0,4020.6,5604.5,3000.9,30
reactive-20260916-121140-74e10a,14,True,3223.9,5078.8,5250.3,6098.8,5826.6,5827.2,7226.9,3403.4,53
reactive-20260916-121140-74e10a,15,True,2723.6,5084.8,5259.3,5915.3,5596.5,5597.1,6984.7,3673.5,35
reactive-20260916-121140-74e10a,16,True,2543.3,5079.1,5254.3,5621.1,5434.7,5435.3,6626.0,3692.0,47
reactive-20260916-121140-74e10a,17,True,1262.4,3269.8,3434.1,3999.6,4129.6,4130.5,5134.9,3668.0,16
reactive-20260916-121140-74e10a,18,True,1720.9,3348.9,3477.7,4178.0,4088.0,4088.7,5198.0,3167.8,26
reactive-20260916-121140-74e10a,19,True,1643.0,3295.0,3423.1,4086.2,4213.1,4213.9,5244.2,3370.9,19
reactive-20260916-121140-74e10a,20,True,2584.4,5156.4,5284.0,5820.0,5773.0,5773.6,6802.5,3989.2,50
reactive-20260916-121140-74e10a,21,True,1281.3,3143.2,3325.3,3730.7,3648.6,3649.2,4736.4,3167.9,14
reactive-20260916-121140-74e10a,22,True,1842.2,3428.3,3592.4,4096.3,4134.8,4135.6,5073.5,3093.4,28
reactive-20260916-121140-74e10a,23,True,1482.3,3281.0,3445.4,3941.1,3716.4,3717.0,4971.6,3034.7,22
reactive-20260916-121140-74e10a,24,True,1802.9,3325.6,3492.3,4310.6,4041.6,4042.3,5475.3,3039.4,26
reactive-20260916-121140-74e10a,25,True,1302.5,3132.1,3261.2,4094.7,3905.9,3906.6,5124.2,3404.1,13
reactive-20260916-121140-74e10a,26,True,3124.2,5099.2,5272.2,5704.0,5795.0,5795.8,6743.9,3471.6,57
reactive-20260916-121140-74e10a,27,True,3163.3,5298.6,5470.1,6097.9,5907.5,5908.1,7144.2,3544.8,59
reactive-20260916-121140-74e10a,28,True,1821.6,3383.6,3511.5,4111.3,4009.1,4009.8,5133.0,2988.2,31
reactive-20260916-121140-74e10a,29,True,1841.4,3431.8,3558.2,4296.1,3812.2,3812.9,5293.5,2771.4,30
reactive-20260916-121140-74e10a,30,True,3181.8,5185.8,5313.3,6150.9,5680.8,5681.4,7194.6,3299.7,53
reactive-20260916-121140-74e10a,31,True,2742.6,5135.4,5304.6,6009.8,5875.6,5876.4,7009.9,3933.7,34
reactive-20260916-121140-74e10a,32,True,2583.1,5333.9,5493.0,5954.1,5674.4,5675.0,6995.0,3892.0,47
reactive-20260916-131805-5736d8,1,True,1261.5,3326.4,3356.2,3356.5,3582.2,3582.8,4435.1,3121.3,16
reactive-20260916-131805-5736d8,2,True,1704.3,3352.0,3383.0,3383.3,-1,-1,3383.5,,26
reactive-20260916-131805-5736d8,3,True,1682.7,3326.8,3358.1,3358.4,3522.3,3522.9,4325.4,2640.2,19
reactive-20260916-131805-5736d8,4,True,2601.7,5202.9,5233.7,5234.0,5394.8,5395.4,6200.9,3593.7,50
reactive-20260916-131805-5736d8,5,True,1261.0,3247.8,3280.0,3280.3,3433.0,3433.6,4241.5,2972.6,14
reactive-20260916-131805-5736d8,6,True,1841.3,3376.2,3408.1,3408.5,3582.4,3583.1,4427.2,2541.8,28
reactive-20260916-131805-5736d8,7,True,1503.9,3239.8,3271.5,3271.8,3421.4,3422.1,4307.2,2718.2,22
reactive-20260916-131805-5736d8,8,True,1801.8,3348.9,3380.9,3381.3,3542.6,3543.3,4399.3,2541.4,26
reactive-20260916-131805-5736d8,9,True,1342.9,3155.0,3186.4,3186.7,3359.0,3359.7,4246.0,2816.8,13
reactive-20260916-131805-5736d8,10,True,3088.5,5041.8,5073.6,5073.9,5247.0,5247.7,6093.1,2959.2,57
reactive-20260916-131805-5736d8,11,True,3122.0,5198.7,5232.4,5233.1,5390.5,5391.2,6206.8,3069.2,59
reactive-20260916-131805-5736d8,12,True,1781.3,3393.9,3428.8,3429.1,3589.9,3590.6,4464.4,2609.2,31
reactive-20260916-131805-5736d8,13,True,1822.1,3368.6,3401.1,3401.4,3565.0,3565.7,4421.2,2543.6,30
reactive-20260916-131805-5736d8,14,True,3023.3,5049.5,5081.4,5081.7,5248.6,5249.3,6131.6,3026.0,53
reactive-20260916-131805-5736d8,15,True,2723.3,5096.7,5130.1,5130.4,5301.5,5302.1,6199.8,3378.8,35
reactive-20260916-131805-5736d8,16,True,2542.4,5135.3,5184.6,5185.0,5372.8,5373.4,6236.7,3631.0,47
reactive-20260916-131943-0309d9,1,True,1261.3,3296.5,3332.0,3332.3,3566.8,3567.4,4440.8,3106.1,16
reactive-20260916-131943-0309d9,2,True,1702.0,3484.8,3521.0,3521.3,3691.2,3691.9,4576.0,2789.9,26
reactive-20260916-131943-0309d9,3,True,1681.4,3317.1,3354.4,3354.7,3531.3,3532.0,4382.6,2650.6,19
reactive-20260916-131943-0309d9,4,True,2603.9,5217.2,5254.0,5254.3,5410.8,5411.4,6285.9,3607.5,50
reactive-20260916-131943-0309d9,5,True,1260.0,3238.4,3274.8,3275.1,3433.7,3434.3,4236.1,2974.3,14
reactive-20260916-131943-0309d9,6,True,1466.1,3290.6,3327.6,3327.9,-1,-1,3328.1,,28
reactive-20260916-131943-0309d9,7,True,1500.6,3300.0,3336.9,3337.3,3495.7,3496.4,4378.2,2795.8,22
reactive-20260916-131943-0309d9,8,True,1801.8,3323.5,3362.5,3362.8,3536.6,3537.2,4411.1,2535.4,26
reactive-20260916-131943-0309d9,9,True,1343.1,3264.2,3302.5,3302.8,3459.2,3459.9,4356.5,2916.8,13
reactive-20260916-131943-0309d9,10,True,3100.5,5307.7,5345.5,5345.8,5512.3,5512.9,6391.6,3212.4,57
reactive-20260916-131943-0309d9,11,True,3122.7,5332.4,5370.5,5370.9,5540.0,5540.6,6391.1,3217.9,59
reactive-20260916-131943-0309d9,12,True,1782.7,3373.7,3411.8,3412.2,3586.6,3587.2,4478.3,2604.5,31
reactive-20260916-131943-0309d9,13,True,1822.0,3453.4,3491.7,3492.0,3644.1,3644.8,4523.1,2622.8,30
reactive-20260916-131943-0309d9,14,True,3062.2,5336.3,5373.6,5373.9,-1,-1,5374.1,,53
reactive-20260916-131943-0309d9,15,True,2723.4,5165.0,5203.7,5204.1,-1,-1,5204.3,,35
reactive-20260916-131943-0309d9,16,True,2553.2,5434.9,5489.4,5489.8,5661.5,5662.2,6536.5,3909.0,47
reactive-20260916-132123-5c7c73,1,True,1263.0,3248.1,3281.6,3281.9,3509.2,3509.7,4362.6,3046.7,16
reactive-20260916-132123-5c7c73,2,True,1583.0,3278.5,3313.3,3313.6,3483.8,3484.5,4371.3,2701.5,26
reactive-20260916-132123-5c7c73,3,True,1682.8,3308.2,3342.7,3343.0,-1,-1,3343.2,,19
reactive-20260916-132123-5c7c73,4,True,2602.2,5169.8,5204.0,5204.3,5364.0,5364.6,6262.8,3562.5,50
reactive-20260916-132123-5c7c73,5,True,1260.1,3172.3,3208.6,3208.9,3380.7,3381.3,4255.4,2921.1,14
reactive-20260916-132123-5c7c73,6,True,1462.1,3260.0,3295.1,3295.5,3465.3,3465.9,4343.3,2803.8,28
reactive-20260916-132123-5c7c73,7,True,1507.1,3208.3,3244.6,3245.3,3413.1,3413.8,4265.4,2706.7,22
reactive-20260916-132123-5c7c73,8,True,1802.8,3311.5,3348.1,3348.4,-1,-1,3348.6,,26
reactive-20260916-132123-5c7c73,9,True,1342.6,3303.4,3338.4,3338.7,-1,-1,3339.0,,13
reactive-20260916-132123-5c7c73,10,True,3082.9,5174.2,5209.0,5209.3,5385.1,5385.7,6254.3,3102.9,57
reactive-20260916-132123-5c7c73,11,True,3142.2,5314.3,5349.3,5349.6,5524.7,5525.4,6370.5,3183.2,59
reactive-20260916-132123-5c7c73,12,True,1782.4,3302.8,3337.4,3337.8,3506.6,3507.3,4363.5,2524.9,31
reactive-20260916-132123-5c7c73,13,True,1819.2,3361.0,3395.5,3395.9,3541.9,3542.6,4413.4,2523.3,30
reactive-20260916-132123-5c7c73,14,True,3222.3,5172.8,5207.0,5207.3,5365.4,5366.0,6227.6,2943.8,53
reactive-20260916-132123-5c7c73,15,True,2722.0,5121.7,5157.1,5157.5,5326.5,5327.2,6203.2,3405.2,35
reactive-20260916-132123-5c7c73,16,True,2542.4,5238.8,5289.1,5289.4,-1,-1,5289.6,,47
reactive-20260916-132258-c54013,1,True,1262.1,3338.8,3373.5,3373.8,3600.5,3601.0,4453.2,3138.9,16
reactive-20260916-132258-c54013,2,True,1702.5,3281.0,3317.3,3317.6,-1,-1,3317.8,,26
reactive-20260916-132258-c54013,3,True,1679.4,3345.2,3382.0,3382.3,3534.9,3535.6,4339.5,2656.2,19
reactive-20260916-132258-c54013,4,True,2603.1,5101.2,5138.1,5138.4,-1,-1,5138.6,,50
reactive-20260916-132258-c54013,5,True,1262.3,3158.3,3195.8,3196.1,-1,-1,3196.4,,14
reactive-20260916-132258-c54013,6,True,1842.5,3340.8,3377.8,3378.4,3535.3,3536.0,4416.2,2493.5,28
reactive-20260916-132258-c54013,7,True,1503.8,3182.0,3218.2,3218.5,3369.5,3370.1,4175.3,2666.3,22
reactive-20260916-132258-c54013,8,True,1800.5,3364.5,3403.9,3404.6,3568.4,3569.1,4453.6,2568.6,26
reactive-20260916-132258-c54013,9,True,1304.5,3108.2,3145.8,3146.1,3303.1,3303.7,4202.8,2799.3,13
reactive-20260916-132258-c54013,10,True,3081.4,5110.1,5147.4,5147.7,-1,-1,5147.9,,57
reactive-20260916-132258-c54013,11,True,3122.7,5229.6,5269.3,5269.7,5422.5,5423.1,6301.8,3100.4,59
reactive-20260916-132258-c54013,12,True,1783.2,3315.8,3353.4,3353.8,3510.4,3511.0,4389.0,2527.9,31
reactive-20260916-132258-c54013,13,True,1820.4,3340.9,3378.6,3378.9,3553.0,3553.7,4451.0,2533.3,30
reactive-20260916-132258-c54013,14,True,3223.9,5111.1,5149.7,5150.1,5321.7,5322.3,6181.7,2898.5,53
reactive-20260916-132258-c54013,15,True,2721.6,5043.8,5082.5,5082.8,5253.7,5254.3,6101.7,3332.8,35
reactive-20260916-132258-c54013,16,True,2542.8,5244.9,5298.1,5298.5,5477.9,5478.5,6331.3,3735.8,47
reactive-20260916-132904-0fec72,1,True,1262.7,3640.9,3920.2,4464.2,4706.5,4707.2,5553.6,4244.5,16
reactive-20260916-132904-0fec72,2,True,2582.2,5872.5,6172.4,6712.1,6556.0,6556.8,7770.3,4774.7,50
reactive-20260916-132947-6d6c80,1,True,1260.5,3449.6,3732.4,4215.8,4410.8,4411.6,5331.5,3951.1,16
reactive-20260916-132947-6d6c80,2,True,2581.0,5795.6,6094.9,6640.3,6728.6,6729.6,7720.3,4948.6,50
reactive-20260916-133041-64bf04,1,True,1261.9,3456.1,3811.3,4336.5,4595.2,4596.0,5439.4,4134.0,16
reactive-20260916-133041-64bf04,2,True,2578.1,5676.7,5956.9,6448.2,6596.2,6597.0,7464.9,4819.0,50
reactive-20260916-133159-052c40,1,True,1260.6,3122.4,3342.0,3765.2,3991.4,3992.0,4833.0,3531.4,16
reactive-20260916-133159-052c40,2,True,1703.5,3274.8,3441.1,4413.2,3958.9,3959.6,5594.4,3056.1,26
reactive-20260916-133159-052c40,3,True,1682.2,3400.0,3573.0,4230.1,4374.7,4375.3,4408.2,3493.1,19
reactive-20260916-133159-052c40,4,True,2602.0,5155.6,5326.1,6111.0,5818.0,5818.8,7210.6,4016.7,50
reactive-20260916-133159-052c40,5,True,1262.8,3152.5,3333.9,3705.5,3636.6,3637.3,4645.9,3174.5,14
reactive-20260916-133159-052c40,6,True,1841.7,3342.3,3505.8,4005.1,3932.3,3932.9,5015.9,2891.3,28
reactive-20260916-133159-052c40,7,True,1501.3,3257.2,3424.0,3828.1,3722.5,3723.1,4757.4,3021.8,22
reactive-20260916-133159-052c40,8,True,1803.1,3314.2,3476.2,4340.2,4041.2,4041.9,5464.7,3038.8,26
reactive-20260916-133159-052c40,9,True,1302.4,3114.6,3292.0,4183.7,3518.0,3518.6,5200.6,3016.2,13
reactive-20260916-133159-052c40,10,True,3082.9,5192.3,5364.1,5962.6,5864.2,5864.9,6942.6,3581.9,57
reactive-20260916-133159-052c40,11,True,3123.3,5135.7,5308.1,6234.9,5726.7,5727.3,7322.8,3404.0,59
reactive-20260916-133159-052c40,12,True,1780.6,3281.6,3444.9,4036.8,3982.9,3983.6,5026.2,3003.0,31
reactive-20260916-133159-052c40,13,True,1819.3,3361.3,3531.2,4121.4,3853.6,3854.2,5316.3,2834.9,30
reactive-20260916-133159-052c40,14,True,3222.0,5134.1,5304.8,6362.9,5811.6,5812.1,7436.7,3390.1,53
reactive-20260916-133159-052c40,15,True,2722.1,5060.1,5232.0,6011.4,5649.2,5649.8,7108.1,3727.6,35
reactive-20260916-133159-052c40,16,True,2541.9,5218.4,5422.0,6014.6,5895.1,5895.7,7019.6,4153.8,47
reactive-20260916-134103-d00d99,1,True,1273.4,3378.7,3595.5,4148.7,4271.1,4271.9,5271.5,3798.5,16
reactive-20260916-134103-d00d99,2,True,1705.0,3408.8,3566.4,4472.3,3967.7,3968.1,5641.8,3063.1,26
reactive-20260916-134103-d00d99,3,True,1682.0,3360.9,3482.0,4142.9,4307.6,4308.4,5310.4,3426.4,19
reactive-20260916-134103-d00d99,4,True,2600.4,5142.4,5310.1,5811.9,5826.4,5827.1,6794.1,4026.8,50
reactive-20260916-134103-d00d99,5,True,1261.4,3224.0,3397.5,3799.0,3678.5,3679.1,4735.1,3217.7,14
reactive-20260916-134103-d00d99,6,True,1842.8,3366.3,3526.4,4089.0,3966.7,3967.3,5124.1,2924.5,28
reactive-20260916-134103-d00d99,7,True,1501.7,3268.4,3425.6,3921.0,3709.5,3710.1,4911.3,3008.5,22
reactive-20260916-134103-d00d99,8,True,1801.9,3360.0,3517.8,4456.9,4068.0,4068.6,5703.7,3066.7,26
reactive-20260916-134103-d00d99,9,True,1300.8,3268.1,3388.8,4118.3,3615.5,3616.1,4837.4,3115.3,13
reactive-20260916-134103-d00d99,10,True,3081.1,5341.7,5507.2,5939.0,6021.8,6022.6,6943.4,3741.5,57
reactive-20260916-134103-d00d99,11,True,3124.2,5331.9,5495.9,6327.7,6020.0,6020.8,7440.0,3696.7,59
reactive-20260916-134103-d00d99,12,True,1782.8,3375.9,3497.5,3969.4,3990.6,3991.4,4490.9,3008.7,31
reactive-20260916-134103-d00d99,13,True,1820.8,3391.7,3514.0,4208.3,3824.6,3825.2,5187.7,2804.5,30
reactive-20260916-134103-d00d99,14,True,3223.2,5331.4,5448.8,6510.7,5937.1,5937.7,7497.9,3514.5,53
reactive-20260916-134103-d00d99,15,True,2721.2,5344.8,5505.3,6125.7,5821.0,5821.7,7199.7,3900.4,35
reactive-20260916-134103-d00d99,16,True,2543.4,5452.6,5604.7,6108.0,6053.3,6053.9,7034.8,4310.5,47
reactive-20260916-134521-297126,1,True,1262.0,3368.9,3543.9,4000.2,4182.0,4182.8,5119.6,3720.8,16
reactive-20260916-134521-297126,2,True,1703.1,3367.5,3480.9,4128.8,3878.7,3879.1,5315.5,2976.0,26
reactive-20260916-134521-297126,3,True,1681.4,3307.1,3427.5,4088.7,4247.0,4247.8,5253.5,3366.4,19
reactive-20260916-134521-297126,4,True,2603.9,5258.8,5378.3,6167.1,5841.8,5842.5,7267.3,4038.6,50
reactive-20260916-134521-297126,5,True,1262.6,3246.1,3417.8,3813.2,3713.5,3714.1,3928.0,3251.5,14
reactive-20260916-134521-297126,6,True,1842.0,3420.4,3577.1,4087.1,4003.0,4003.6,5162.8,2961.6,28
reactive-20260916-134521-297126,7,True,1501.9,3301.2,3456.2,4023.8,4004.6,4005.3,5035.7,3303.4,22
reactive-20260916-134521-297126,8,True,1802.6,3406.5,3559.8,4158.7,3883.4,3884.0,5180.5,2881.4,26
reactive-20260916-134521-297126,9,True,1306.3,3192.9,3307.9,3900.2,3749.9,3750.5,4930.1,3244.3,13
reactive-20260916-134521-297126,10,True,3081.6,5305.2,5467.0,6057.9,5953.9,5954.5,7052.6,3672.9,57
reactive-20260916-134521-297126,11,True,3120.1,5384.0,5549.2,6053.6,6069.4,6070.1,7038.6,3750.0,59
reactive-20260916-134521-297126,12,True,1781.1,3275.0,3429.9,3932.4,3960.7,3961.5,4927.2,2980.3,31
reactive-20260916-134521-297126,13,True,1821.2,3452.2,3607.3,4307.3,3920.0,3920.5,5297.0,2899.3,30
reactive-20260916-134521-297126,14,True,3223.9,5115.4,5231.7,6117.6,5730.9,5731.7,7326.8,3307.8,53
reactive-20260916-134521-297126,15,True,2720.4,5119.8,5276.9,5838.3,5596.0,5596.6,6882.2,3676.2,35
reactive-20260916-134521-297126,16,True,2542.3,5255.2,5406.5,5738.3,5836.1,5836.8,6726.7,4094.5,47
reactive-20260916-135423-6baf8c,1,True,1263.1,3417.2,3591.3,4046.4,4231.3,4232.1,5165.6,3769.0,16
reactive-20260916-135423-6baf8c,2,True,1702.9,3326.5,3437.4,4308.1,3891.4,3892.1,5502.8,2989.2,26
reactive-20260916-135423-6baf8c,3,True,1682.5,3267.2,3383.7,4043.7,4192.3,4193.1,5223.9,3310.6,19
reactive-20260916-135423-6baf8c,4,True,2603.0,5265.0,5386.6,6075.8,5864.9,5865.6,7120.2,4062.6,50
reactive-20260916-135423-6baf8c,5,True,1262.0,3168.1,3337.4,3702.6,3601.1,3601.7,4677.3,3139.6,14
reactive-20260916-135423-6baf8c,6,True,1841.6,3369.2,3523.7,4282.7,3770.2,3770.8,4724.3,2729.2,28
reactive-20260916-135423-6baf8c,7,True,1501.5,3290.4,3445.1,3842.6,3744.2,3744.8,4811.0,3043.3,22
reactive-20260916-135423-6baf8c,8,True,1803.6,3401.9,3554.6,3950.5,4025.2,4026.0,5070.8,3022.4,26
reactive-20260916-135423-6baf8c,9,True,1304.3,3161.7,3280.3,3743.8,3582.7,3583.3,4546.2,3079.0,13
reactive-20260916-135423-6baf8c,10,True,3083.2,5440.3,5559.0,6184.8,6063.6,6064.3,7289.1,3781.1,57
reactive-20260916-135423-6baf8c,11,True,3123.5,5240.7,5403.6,5907.3,5933.8,5934.6,6888.1,3611.1,59
reactive-20260916-135423-6baf8c,12,True,1781.5,3395.6,3551.5,4254.2,4104.0,4104.8,5276.4,3123.2,31
reactive-20260916-135423-6baf8c,13,True,1821.8,3370.3,3525.6,4288.6,3839.9,3840.5,5239.9,2818.7,30
reactive-20260916-135423-6baf8c,14,True,3220.9,5141.8,5257.8,6080.8,5807.1,5807.9,7140.7,3387.0,53
reactive-20260916-135423-6baf8c,15,True,2722.9,5071.2,5229.8,6082.3,5634.0,5634.7,7215.1,3711.8,35
reactive-20260916-135423-6baf8c,16,True,2542.1,5300.3,5448.6,5913.8,5651.9,5652.4,6771.9,3910.3,47
reactive-20260916-135610-592037,1,True,1263.6,3610.3,3797.8,4645.4,4353.9,4354.6,6078.6,3891.0,16
reactive-20260916-135610-592037,2,True,1701.8,3677.9,3809.7,4759.7,4390.0,4390.7,6022.3,3488.9,26
reactive-20260916-135610-592037,3,True,1682.0,3707.1,3853.6,4562.7,4842.2,4843.0,5881.3,3961.0,19
reactive-20260916-135610-592037,4,True,2603.9,5672.6,5851.9,6531.1,6405.8,6406.4,7720.7,4602.5,50
reactive-20260916-135610-592037,5,True,1260.6,3562.5,3767.4,4380.6,4407.3,4408.0,5663.4,3947.4,14
reactive-20260916-135610-592037,6,True,1843.3,3696.2,3826.8,4645.6,4533.2,4534.0,5847.1,3490.7,28
reactive-20260916-135610-592037,7,True,1502.2,3512.3,3699.8,4306.6,4379.5,4380.5,5416.4,3678.4,22
reactive-20260916-135610-592037,8,True,1802.3,3600.8,3730.8,4579.5,4451.1,4451.8,5792.3,3449.5,26
reactive-20260916-135610-592037,9,True,1305.0,3377.3,3526.9,4487.4,3818.6,3819.2,5641.4,3314.3,13
reactive-20260916-135610-592037,10,True,3081.4,5812.6,6010.6,6437.4,6678.6,6679.4,7581.5,4398.0,57
reactive-20260916-135610-592037,11,True,3121.6,5631.3,5825.3,6433.7,6357.0,6357.6,7596.7,4036.0,59
reactive-20260916-135610-592037,12,True,1781.5,3474.4,3661.8,4305.5,4342.5,4343.5,5437.0,3362.0,31
reactive-20260916-135610-592037,13,True,1821.0,3699.2,3829.6,4577.3,4550.1,4550.9,5799.4,3529.9,30
reactive-20260916-135610-592037,14,True,3223.9,5489.1,5636.6,6173.4,6267.3,6268.2,7351.1,3844.3,53
reactive-20260916-135610-592037,15,True,2722.5,5609.2,5802.2,6517.1,6329.1,6330.0,7723.8,4407.5,35
reactive-20260916-135610-592037,16,True,2540.9,5630.7,5812.7,6568.4,6400.6,6401.4,7693.7,4660.5,47
reactive-20260916-135823-36545d,1,True,1263.3,3654.5,3848.5,4451.7,4682.7,4683.5,5727.8,4220.2,16
reactive-20260916-135823-36545d,2,True,1702.4,3594.3,3726.6,4592.8,4452.4,4453.2,5814.0,3550.7,26
reactive-20260916-135823-36545d,3,True,1683.0,3755.6,3905.1,4610.7,4932.8,4933.7,5967.0,4050.7,19
reactive-20260916-135823-36545d,4,True,2603.8,5569.0,5703.8,6599.5,6127.0,6127.6,7641.7,4323.8,50
reactive-20260916-135823-36545d,5,True,1269.1,3547.6,3756.3,4188.7,4143.7,4144.4,5257.0,3675.3,14
reactive-20260916-135823-36545d,6,True,1845.7,3747.2,3896.6,4540.2,4435.1,4435.8,5724.2,3390.1,28
reactive-20260916-135823-36545d,7,True,1502.9,3568.0,3742.4,4100.0,4411.3,4411.8,5216.3,3708.9,22
reactive-20260916-135823-36545d,8,True,1800.7,3682.3,3833.3,4409.7,4257.7,4258.4,5584.9,3257.7,26
reactive-20260916-135823-36545d,9,True,1303.2,3563.9,3715.0,4498.0,4001.3,4001.9,4840.4,3498.7,13
reactive-20260916-135823-36545d,10,True,3082.3,5750.2,5932.8,6613.5,6558.2,6558.8,7861.3,4276.5,57
reactive-20260916-135823-36545d,11,True,3121.2,5868.7,6068.9,6605.9,6736.1,6736.8,7765.2,4415.6,59
reactive-20260916-135823-36545d,12,True,1782.8,3702.7,3877.8,4416.0,4518.6,4519.4,5554.7,3536.7,31
reactive-20260916-135823-36545d,13,True,1821.9,3668.4,3862.6,4661.0,4283.2,4284.0,5678.3,3262.1,30
reactive-20260916-135823-36545d,14,True,3222.8,5653.0,5800.5,6445.5,6371.6,6372.4,7527.4,3949.6,53
reactive-20260916-135823-36545d,15,True,2721.9,5591.5,5782.7,6748.7,6264.1,6264.7,7862.7,4342.8,35
reactive-20260916-135823-36545d,16,True,2542.6,5858.2,6044.9,6581.3,6287.3,6287.9,7169.6,4545.3,47
reactive-20260916-140019-5f03f3,1,True,1260.7,3691.8,3904.1,4938.5,4395.3,4396.0,5919.7,3935.3,16
reactive-20260916-140019-5f03f3,2,True,1701.3,3718.2,3870.0,4884.2,4386.6,4387.3,6325.8,3486.0,26
reactive-20260916-140019-5f03f3,3,True,1690.1,3634.7,3769.1,4477.4,4819.4,4820.2,4642.4,3930.1,19
reactive-20260916-140019-5f03f3,4,True,2600.1,5783.2,5937.1,6689.5,6585.8,6586.5,7864.1,4786.4,50
reactive-20260916-140019-5f03f3,5,True,1262.1,3600.3,3808.8,4210.3,4149.5,4150.1,5294.6,3688.0,14
reactive-20260916-140019-5f03f3,6,True,1844.7,3689.2,3863.4,4403.9,4424.7,4425.5,5559.2,3380.8,28
reactive-20260916-140019-5f03f3,7,True,1501.9,3592.7,3767.2,4123.8,4394.9,4395.5,5243.4,3693.6,22
reactive-20260916-140019-5f03f3,8,True,1802.6,3698.0,3872.6,4585.9,4397.6,4398.4,5813.7,3395.8,26
reactive-20260916-140019-5f03f3,9,True,1302.0,3478.6,3615.0,4574.8,3894.0,3894.6,4700.9,3392.6,13
reactive-20260916-140019-5f03f3,10,True,3093.7,6003.3,6151.7,6618.7,6818.1,6818.9,7764.4,4525.2,57
reactive-20260916-140019-5f03f3,11,True,3122.2,6022.9,6156.8,7194.9,6690.1,6690.9,8478.3,4368.7,59
reactive-20260916-140019-5f03f3,12,True,1783.4,3744.5,3940.5,4590.8,4591.9,4592.5,5615.0,3609.1,31
reactive-20260916-140019-5f03f3,13,True,1821.0,3721.1,3910.7,4670.6,4320.3,4321.0,5714.9,3300.0,30
reactive-20260916-140019-5f03f3,14,True,3221.5,5845.8,5995.4,6829.9,6649.2,6649.8,8056.6,4228.3,53
reactive-20260916-140019-5f03f3,15,True,2720.1,5607.7,5758.1,6438.2,6312.3,6312.9,7605.3,4392.8,35
reactive-20260916-140019-5f03f3,16,True,2541.2,5920.2,6087.4,6802.5,6692.0,6692.7,7887.1,4951.5,47
reactive-20260916-140233-e00e0d,1,True,1261.2,3564.6,3754.1,4772.9,4283.3,4284.0,6196.6,3822.8,16
reactive-20260916-140233-e00e0d,2,True,1703.8,3712.8,3855.9,5074.6,4549.8,4550.6,6410.7,3646.8,26
reactive-20260916-140233-e00e0d,3,True,1683.2,3639.3,3793.8,4503.8,4872.3,4873.1,5919.5,3989.8,19
reactive-20260916-140233-e00e0d,4,True,2601.1,5855.5,6055.0,6708.3,6716.3,6717.3,7820.8,4916.2,50
reactive-20260916-140233-e00e0d,5,True,1265.3,3581.0,3786.0,4187.3,4172.0,4172.6,5168.1,3707.4,14
reactive-20260916-140233-e00e0d,6,True,1844.8,3718.0,3905.9,4698.7,4219.5,4220.2,5170.1,3175.4,28
reactive-20260916-140233-e00e0d,7,True,1500.2,3702.5,3892.1,4504.7,4605.6,4606.4,5567.9,3906.2,22
reactive-20260916-140233-e00e0d,8,True,1801.3,3746.4,3934.8,4755.7,4622.1,4622.9,6010.6,3621.5,26
reactive-20260916-140233-e00e0d,9,True,1303.0,3489.4,3638.2,4591.7,3921.2,3921.8,5792.4,3418.9,13
reactive-20260916-140233-e00e0d,10,True,3083.2,5853.3,6002.4,6428.9,6677.8,6678.5,7623.8,4395.3,57
reactive-20260916-140233-e00e0d,11,True,3120.9,5888.1,6021.9,6641.7,6585.9,6586.6,7831.4,4265.7,59
reactive-20260916-140233-e00e0d,12,True,1783.8,3653.3,3786.0,4650.1,4428.5,4429.2,5809.9,3445.5,31
reactive-20260916-140233-e00e0d,13,True,1821.5,3684.7,3816.8,4575.8,4226.8,4227.5,5678.3,3206.0,30
reactive-20260916-140233-e00e0d,14,True,3223.1,5858.4,6004.4,6935.3,6842.3,6843.1,8329.1,4420.0,53
reactive-20260916-140233-e00e0d,15,True,2720.8,5680.5,5856.3,6971.5,6634.9,6635.7,8339.3,4714.8,35
reactive-20260916-140233-e00e0d,16,True,2546.5,5828.7,6011.3,6698.1,6705.7,6706.4,7908.4,4959.9,47
reactive-20260916-140625-a7c680,1,True,1262.5,3388.6,3599.3,4158.4,4294.4,4295.2,5204.5,3832.7,16
reactive-20260916-140625-a7c680,2,True,2581.0,5453.3,5638.3,6432.3,6134.6,6135.5,7540.4,4354.5,50
reactive-20260916-141358-f9961f,1,True,1262.9,3274.8,3455.8,3912.8,4086.9,4087.6,5029.1,3624.7,16
reactive-20260916-141358-f9961f,2,True,1703.9,3433.3,3593.6,4188.4,4032.8,4033.3,5297.4,3129.4,26
reactive-20260916-141358-f9961f,3,True,1680.8,3284.5,3412.6,4068.4,4197.2,4197.9,5142.2,3317.2,19
reactive-20260916-141358-f9961f,4,True,2601.1,5230.2,5357.8,5961.9,5848.6,5849.3,6983.3,4048.3,50
reactive-20260916-141358-f9961f,5,True,1261.6,3255.5,3436.0,3842.4,3754.3,3755.0,4808.6,3293.4,14
reactive-20260916-141358-f9961f,6,True,1845.2,3401.5,3566.4,4066.2,3982.0,3982.6,5101.4,2937.5,28
reactive-20260916-141358-f9961f,7,True,1502.0,3285.2,3448.7,3778.1,3971.1,3971.7,4866.5,3269.7,22
reactive-20260916-141358-f9961f,8,True,1801.2,3377.1,3538.8,4364.2,4080.3,4081.0,5427.5,3079.8,26
reactive-20260916-141358-f9961f,9,True,1300.9,3271.6,3401.2,4129.1,3622.3,3622.9,4984.6,3122.0,13
reactive-20260916-141358-f9961f,10,True,3081.8,5465.0,5591.2,5984.3,6135.9,6136.7,7069.4,3854.9,57
reactive-20260916-141358-f9961f,11,True,3123.1,5477.7,5650.6,6149.3,6174.7,6175.5,7184.2,3852.5,59
reactive-20260916-141358-f9961f,12,True,1781.0,3295.7,3422.3,4212.0,3898.8,3899.6,5265.4,2918.6,31
reactive-20260916-141358-f9961f,13,True,1820.6,3472.0,3600.1,4555.1,4048.5,4049.2,5526.0,3028.6,30
reactive-20260916-141358-f9961f,14,True,3220.6,5254.5,5380.1,5947.1,5936.1,5936.8,6919.7,3516.3,53
reactive-20260916-141358-f9961f,15,True,2722.7,5177.6,5307.8,5939.9,5741.4,5742.1,7029.4,3819.3,35
reactive-20260916-141358-f9961f,16,True,2542.0,5478.8,5638.7,6103.0,5811.5,5812.1,6724.8,4070.1,47
reactive-20260916-142016-a57ef8,1,True,1261.1,3415.9,3633.3,4189.5,4330.5,4331.3,5328.1,3870.2,16
reactive-20260916-142016-a57ef8,2,True,1702.1,3421.8,3544.6,4329.6,3954.6,3955.2,5492.0,3053.1,26
reactive-20260916-142016-a57ef8,3,True,1682.6,3264.6,3388.5,4047.7,4190.4,4191.2,5151.0,3308.6,19
reactive-20260916-142016-a57ef8,4,True,2601.4,5292.9,5418.7,5714.9,5854.7,5855.3,6736.3,4053.9,50
reactive-20260916-142016-a57ef8,5,True,1262.6,3135.5,3312.4,3776.0,3664.9,3665.5,4784.4,3202.9,14
reactive-20260916-142016-a57ef8,6,True,1840.3,3461.5,3584.8,4081.9,4010.3,4010.9,5137.3,2970.6,28
reactive-20260916-142016-a57ef8,7,True,1499.9,3227.5,3389.0,3952.1,3928.9,3929.5,4914.4,3229.6,22
reactive-20260916-142016-a57ef8,8,True,1803.2,3439.1,3563.9,4397.1,4095.6,4096.4,5397.3,3093.2,26
reactive-20260916-142016-a57ef8,9,True,1304.1,3253.8,3381.1,3972.6,3767.2,3767.8,4573.2,3263.7,13
reactive-20260916-142016-a57ef8,10,True,3082.7,5401.8,5570.8,6339.3,6025.6,6026.2,7371.6,3743.5,57
reactive-20260916-142016-a57ef8,11,True,3121.4,5486.2,5611.0,6466.9,6027.1,6027.8,7455.2,3706.4,59
reactive-20260916-142016-a57ef8,12,True,1781.9,3460.1,3585.4,4085.9,4095.2,4096.0,5046.9,3114.1,31
reactive-20260916-142016-a57ef8,13,True,1822.1,3448.9,3574.5,4268.5,3887.4,3888.0,5205.3,2865.9,30
reactive-20260916-142016-a57ef8,14,True,3223.3,5300.7,5424.0,6046.6,5867.1,5867.7,7146.2,3444.4,53
reactive-20260916-142016-a57ef8,15,True,2721.3,5190.7,5354.1,6045.1,5731.8,5732.4,7242.2,3811.1,35
reactive-20260916-142016-a57ef8,16,True,2541.7,5427.7,5586.7,6282.0,6011.3,6012.0,7410.3,4270.3,47
reactive-20260916-142525-76caec,1,True,1260.6,3411.0,3594.3,4013.7,4245.5,4246.1,5070.7,3785.5,16
reactive-20260916-142525-76caec,2,True,1704.3,3418.2,3539.9,4381.4,3963.5,3964.1,5588.9,3059.8,26
reactive-20260916-142525-76caec,3,True,1681.8,3403.4,3529.9,4183.2,4334.8,4335.7,5357.2,3453.9,19
reactive-20260916-142525-76caec,4,True,2603.0,5174.7,5302.0,6065.4,5640.3,5640.9,7066.3,3837.8,50
reactive-20260916-142525-76caec,5,True,1262.3,3294.9,3475.2,3845.8,3781.2,3781.9,4845.7,3319.6,14
reactive-20260916-142525-76caec,6,True,1842.6,3425.0,3549.4,4084.7,4072.2,4072.9,5122.9,3030.2,28
reactive-20260916-142525-76caec,7,True,1504.0,3251.7,3415.2,3982.0,3947.9,3948.6,5003.9,3244.6,22
reactive-20260916-142525-76caec,8,True,1800.6,3388.9,3514.0,4345.5,4091.4,4092.1,5354.6,3091.5,26
reactive-20260916-142525-76caec,9,True,1302.5,3281.6,3409.3,4303.9,3627.6,3628.2,4763.2,3125.7,13
reactive-20260916-142525-76caec,10,True,3081.6,5439.8,5567.8,5964.0,6096.1,6096.9,7027.3,3815.3,57
reactive-20260916-142525-76caec,11,True,3123.5,5375.4,5500.5,6005.0,6034.2,6035.0,7028.5,3711.5,59
reactive-20260916-142525-76caec,12,True,1781.7,3350.6,3477.4,4335.8,3948.8,3949.5,5409.4,2967.8,31
reactive-20260916-142525-76caec,13,True,1823.0,3421.1,3547.0,4383.5,4026.3,4026.9,5415.0,3003.9,30
reactive-20260916-142525-76caec,14,True,3224.6,5361.4,5488.3,6356.8,6087.2,6087.9,7438.1,3663.3,53
reactive-20260916-142525-76caec,15,True,2720.8,5090.2,5259.6,5981.0,5679.6,5680.2,7111.6,3759.4,35
reactive-20260916-142525-76caec,16,True,2542.8,5293.7,5458.3,5827.0,5640.4,5641.0,6599.9,3898.3,47
reactive-20260916-143154-e727fc,1,True,1263.0,3468.9,3673.6,4091.3,4317.1,4317.7,5177.5,3854.7,16
reactive-20260916-143154-e727fc,2,True,1702.1,3421.7,3582.1,4368.6,4149.7,4150.4,5407.8,3248.4,26
reactive-20260916-143154-e727fc,3,True,1681.9,3470.0,3620.8,4276.2,4438.6,4439.4,4382.5,3557.6,19
reactive-20260916-143154-e727fc,4,True,2602.0,5379.9,5536.3,6327.2,5860.2,5860.8,7338.2,4058.7,50
reactive-20260916-143154-e727fc,5,True,1262.6,3286.6,3482.4,3943.4,3857.1,3857.7,4973.8,3395.1,14
reactive-20260916-143154-e727fc,6,True,1841.3,3454.1,3597.9,4324.8,3845.9,3846.5,4927.1,2805.2,28
reactive-20260916-143154-e727fc,7,True,1501.4,3386.1,3567.9,3893.3,4072.7,4073.3,4932.2,3371.9,22
reactive-20260916-143154-e727fc,8,True,1801.6,3507.2,3678.6,4267.3,4021.7,4022.2,5396.1,3020.7,26
reactive-20260916-143154-e727fc,9,True,1300.5,3369.4,3525.6,4419.1,3767.0,3767.4,4530.2,3266.9,13
reactive-20260916-143154-e727fc,10,True,3084.9,5580.5,5733.4,6463.0,6287.7,6288.6,7526.4,4003.6,57
reactive-20260916-143154-e727fc,11,True,3122.0,5495.3,5647.6,6146.4,6180.2,6180.9,7139.4,3858.9,59
reactive-20260916-143154-e727fc,12,True,1782.5,3408.9,3575.3,4173.2,4124.4,4125.1,5148.8,3142.6,31
reactive-20260916-143154-e727fc,13,True,1821.6,3511.9,3679.4,4529.7,3893.1,3893.7,4769.0,2872.2,30
reactive-20260916-143154-e727fc,14,True,3222.8,5344.2,5512.4,6613.7,6088.5,6089.2,7744.2,3666.4,53
reactive-20260916-143154-e727fc,15,True,2722.6,5315.1,5532.5,6162.5,6059.2,6059.9,7209.4,4137.2,35
reactive-20260916-143154-e727fc,16,True,2540.7,5506.4,5683.3,6015.5,5870.6,5871.2,6831.3,4130.5,47
reactive-20260916-143344-865503,1,True,1263.2,3705.0,3888.6,4530.5,4698.8,4699.7,5664.3,4236.4,16
reactive-20260916-143344-865503,2,True,1702.4,3626.7,3753.4,4467.1,4276.5,4277.2,5698.3,3374.8,26
reactive-20260916-143344-865503,3,True,1683.4,3602.9,3731.1,4436.6,4817.2,4818.1,5864.7,3934.7,19
reactive-20260916-143344-865503,4,True,2601.7,5762.2,5894.3,6645.3,6483.0,6483.7,7818.7,4682.0,50
reactive-20260916-143344-865503,5,True,1258.9,3473.1,3662.9,4066.3,4062.8,4063.4,5058.5,3604.5,14
reactive-20260916-143344-865503,6,True,1843.5,3685.3,3871.6,4481.0,4418.5,4419.4,5748.4,3375.8,28
reactive-20260916-143344-865503,7,True,1503.6,3613.2,3801.6,4410.5,4449.8,4450.6,5481.1,3747.0,22
reactive-20260916-143344-865503,8,True,1801.5,3545.8,3693.2,4508.1,4396.7,4397.3,5711.9,3395.8,26
reactive-20260916-143344-865503,9,True,1304.0,3434.2,3591.9,4239.9,3859.4,3860.1,4651.8,3356.1,13
reactive-20260916-143344-865503,10,True,3082.3,5840.5,5987.2,6697.5,6585.2,6586.0,7904.8,4303.7,57
reactive-20260916-143344-865503,11,True,3120.0,5826.4,5974.1,6973.8,6522.1,6523.0,8125.2,4202.9,59
reactive-20260916-143344-865503,12,True,1782.3,3656.8,3788.0,4433.2,4480.6,4481.5,5551.5,3499.2,31
reactive-20260916-143344-865503,13,True,1820.4,3764.3,3912.6,4948.7,4501.3,4502.2,6140.6,3481.8,30
reactive-20260916-143344-865503,14,True,3222.5,5694.6,5842.9,6590.9,6493.9,6494.6,7769.7,4072.1,53
reactive-20260916-143344-865503,15,True,2720.5,5601.7,5773.9,6585.1,6361.5,6362.1,7811.4,4441.6,35
reactive-20260916-143344-865503,16,True,2542.5,5833.3,5997.4,6464.1,6233.3,6233.9,7230.1,4491.4,47
reactive-20260916-143541-4dd631,1,True,1263.6,3724.1,3910.0,4552.5,4405.7,4406.4,5888.0,3942.8,16
reactive-20260916-143541-4dd631,2,True,1705.0,3695.8,3841.2,4691.2,4359.4,4360.0,6095.2,3455.0,26
reactive-20260916-143541-4dd631,3,True,1681.1,3520.8,3670.8,4380.9,4718.7,4719.7,4575.4,3838.6,19
reactive-20260916-143541-4dd631,4,True,2611.2,5712.6,5846.0,6458.1,6500.2,6501.0,7522.6,4689.8,50
reactive-20260916-143541-4dd631,5,True,1262.1,3397.9,3583.8,4193.7,4288.2,4289.0,5349.9,3826.9,14
reactive-20260916-143541-4dd631,6,True,1840.6,3627.4,3757.0,4442.4,4059.7,4060.3,5054.2,3019.7,28
reactive-20260916-143541-4dd631,7,True,1503.1,3513.6,3705.5,4060.2,4333.1,4333.7,5186.8,3630.6,22
reactive-20260916-143541-4dd631,8,True,1803.6,3617.7,3746.9,4644.6,4425.6,4426.4,5912.5,3422.7,26
reactive-20260916-143541-4dd631,9,True,1303.1,3456.3,3590.4,4543.9,3833.9,3834.5,5192.6,3331.4,13
reactive-20260916-143541-4dd631,10,True,3083.5,5884.8,6033.7,6461.8,6676.7,6677.5,7588.4,4394.0,57
reactive-20260916-143541-4dd631,11,True,3121.8,5775.6,5905.2,6371.9,6578.3,6579.1,7518.6,4257.3,59
reactive-20260916-143541-4dd631,12,True,1783.0,3750.7,3900.0,4650.8,4487.1,4488.0,5820.1,3505.0,31
reactive-20260916-143541-4dd631,13,True,1820.7,3592.1,3739.9,4495.7,4145.0,4145.6,5503.1,3124.9,30
reactive-20260916-143541-4dd631,14,True,3221.1,5528.7,5676.3,6646.7,6083.6,6084.1,7796.7,3663.0,53
reactive-20260916-143541-4dd631,15,True,2722.5,5571.6,5763.2,6543.9,6344.2,6344.9,7878.6,4422.4,35
reactive-20260916-143541-4dd631,16,True,2542.2,5826.0,6008.6,6367.9,6566.7,6567.4,7502.0,4825.2,47
reactive-20260916-143752-7f7f80,1,True,1263.1,3946.0,4133.1,4587.0,4929.3,4929.9,5811.8,4466.8,16
reactive-20260916-143752-7f7f80,2,True,1700.7,3694.0,3836.3,4642.8,4329.2,4330.1,6042.0,3429.4,26
reactive-20260916-143752-7f7f80,3,True,1680.6,3626.0,3777.4,4807.2,5534.3,5535.1,6432.3,4654.5,19
reactive-20260916-143752-7f7f80,4,True,2604.4,5906.5,6056.2,6911.5,6688.1,6688.8,8073.3,4884.4,50
reactive-20260916-143752-7f7f80,5,True,1267.8,3674.0,3880.4,4314.1,4276.0,4276.8,5340.8,3809.0,14
reactive-20260916-143752-7f7f80,6,True,1842.2,3756.2,3905.8,4406.4,4603.8,4604.6,5631.1,3562.4,28
reactive-20260916-143752-7f7f80,7,True,1500.9,3750.5,3944.1,4547.5,4620.1,4620.9,5626.2,3920.0,22
reactive-20260916-143752-7f7f80,8,True,1802.9,3850.7,4004.8,5137.9,4603.9,4604.6,6324.7,3601.7,26
reactive-20260916-143752-7f7f80,9,True,1301.7,3683.7,3838.7,4795.5,4137.9,4138.5,4944.7,3636.8,13
reactive-20260916-143752-7f7f80,10,True,3081.1,5795.2,5944.8,6484.8,6309.7,6310.4,7589.0,4029.2,57
reactive-20260916-143752-7f7f80,11,True,3123.0,5905.5,6056.8,6803.1,6672.5,6673.2,8010.7,4350.1,59
reactive-20260916-143752-7f7f80,12,True,1783.3,3792.7,3923.4,4815.1,4518.2,4518.9,6065.5,3535.6,31
reactive-20260916-143752-7f7f80,13,True,1822.4,3844.2,3996.9,4748.2,4410.8,4411.5,5781.2,3389.1,30
reactive-20260916-143752-7f7f80,14,True,3221.1,5668.2,5797.8,6807.9,6538.7,6539.4,8023.5,4118.3,53
reactive-20260916-143752-7f7f80,15,True,2723.2,5785.2,5987.4,6770.6,6513.2,6513.9,8055.8,4590.7,35
reactive-20260916-143752-7f7f80,16,True,2541.6,5811.5,5975.1,6614.1,6451.7,6452.3,7731.3,4710.7,47
reactive-20260916-143954-e36b94,1,True,1262.8,3892.1,4124.7,4613.7,4906.6,4907.4,5828.0,4444.6,16
reactive-20260916-143954-e36b94,2,True,1701.8,3912.3,4071.2,4998.5,4473.8,4474.4,5808.1,3572.6,26
reactive-20260916-143954-e36b94,3,True,1682.9,3825.4,4017.2,4722.5,5033.9,5034.8,6097.6,4151.9,19
reactive-20260916-143954-e36b94,4,True,2602.4,6121.1,6312.3,6921.5,6956.8,6957.6,8014.0,5155.2,50
reactive-20260916-143954-e36b94,5,True,1270.0,3667.7,3904.3,4407.2,4342.6,4343.2,5458.3,3873.2,14
reactive-20260916-143954-e36b94,6,True,1841.5,3885.5,4085.2,4554.3,4624.4,4625.3,5650.3,3583.9,28
reactive-20260916-143954-e36b94,7,True,1500.5,3777.7,4001.2,4612.5,4673.2,4674.1,5726.9,3973.5,22
reactive-20260916-143954-e36b94,8,True,1801.9,3853.6,4019.5,4781.7,4455.4,4456.2,6004.8,3454.3,26
reactive-20260916-143954-e36b94,9,True,1300.0,3784.6,3965.3,4754.8,4236.7,4237.5,4964.1,3737.5,13
reactive-20260916-143954-e36b94,10,True,3083.3,6374.2,6549.1,7012.2,7197.2,7197.9,8189.1,4914.6,57
reactive-20260916-143954-e36b94,11,True,3121.8,6242.9,6408.9,7376.7,6972.4,6973.0,8528.2,4651.2,59
reactive-20260916-143954-e36b94,12,True,1787.6,3878.7,4079.5,4722.9,4791.4,4792.3,5947.4,3804.7,31
reactive-20260916-143954-e36b94,13,True,1821.4,3977.8,4176.3,4720.3,4736.1,4736.9,5846.6,3715.5,30
reactive-20260916-143954-e36b94,14,True,3222.0,6013.2,6170.8,7213.9,6665.7,6666.6,8190.8,4244.6,53
reactive-20260916-143954-e36b94,15,True,2721.1,6040.3,6279.3,7073.6,6976.8,6977.5,8336.7,5056.4,35
reactive-20260916-143954-e36b94,16,True,2541.5,6256.3,6483.5,6983.5,6719.5,6720.2,7639.9,4978.7,47
